date;Semua Provinsi;Aceh;Kota Lhokseumawe
01/01/2020;-;-;-
02/ 01/ 2020;Rp11,800;Rp10,300;Rp10,000
03/ 01/ 2020;Rp11,850;Rp10,300;Rp10,000
06/ 01/ 2020;Rp11,800;Rp10,350;Rp10,000
07/ 01/ 2020;Rp11,800;Rp10,350;Rp10,000
08/ 01/ 2020;Rp11,800;Rp10,350;Rp10,000
09/ 01/ 2020;Rp11,800;Rp10,350;Rp10,000
10/ 01/ 2020;Rp11,850;Rp10,350;Rp10,000
13/ 01/ 2020;Rp11,800;Rp10,350;Rp10,000
14/ 01/ 2020;Rp11,850;Rp10,350;Rp10,000
15/ 01/ 2020;Rp11,850;Rp10,350;Rp10,000
16/ 01/ 2020;Rp11,850;Rp10,350;Rp10,000
17/ 01/ 2020;Rp11,850;Rp10,350;Rp10,000
20/ 01/ 2020;Rp11,850;Rp10,350;Rp10,000
21/ 01/ 2020;Rp11,850;Rp10,350;Rp10,000
22/ 01/ 2020;Rp11,850;Rp10,350;Rp10,000
23/ 01/ 2020;Rp11,850;Rp10,350;Rp10,000
24/ 01/ 2020;Rp11,850;Rp10,350;Rp10,000
27/ 01/ 2020;Rp11,850;Rp10,350;Rp10,050
28/ 01/ 2020;Rp11,850;Rp10,350;Rp10,050
29/ 01/ 2020;Rp11,850;Rp10,350;Rp10,050
30/ 01/ 2020;Rp11,850;Rp10,350;Rp10,050
31/ 01/ 2020;Rp11,850;Rp10,350;Rp10,050
03/ 02/ 2020;Rp11,850;Rp10,350;Rp10,050
04/ 02/ 2020;Rp11,850;Rp10,350;Rp10,050
05/ 02/ 2020;Rp11,850;Rp10,350;Rp10,050
06/ 02/ 2020;Rp11,850;Rp10,350;Rp10,050
07/ 02/ 2020;Rp11,850;Rp10,350;Rp10,050
10/ 02/ 2020;Rp11,850;Rp10,350;Rp10,050
11/ 02/ 2020;Rp11,850;Rp10,350;Rp10,050
12/ 02/ 2020;Rp11,850;Rp10,350;Rp10,050
13/ 02/ 2020;Rp11,850;Rp10,350;Rp10,050
14/ 02/ 2020;Rp11,900;Rp10,350;Rp10,050
17/ 02/ 2020;Rp11,900;Rp10,350;Rp10,050
18/ 02/ 2020;Rp11,850;Rp10,350;Rp10,050
19/ 02/ 2020;Rp11,850;Rp10,350;Rp10,050
20/ 02/ 2020;Rp11,850;Rp10,350;Rp10,050
21/ 02/ 2020;Rp11,850;Rp10,350;Rp10,050
24/ 02/ 2020;Rp11,850;Rp10,150;Rp9,400
25/ 02/ 2020;Rp11,850;Rp10,150;Rp9,400
26/ 02/ 2020;Rp11,850;Rp10,150;Rp9,400
27/ 02/ 2020;Rp11,850;Rp10,150;Rp9,400
28/ 02/ 2020;Rp11,850;Rp10,150;Rp9,400
02/ 03/ 2020;Rp11,850;Rp10,150;Rp9,400
03/ 03/ 2020;Rp11,850;Rp10,150;Rp9,400
04/ 03/ 2020;Rp11,850;Rp10,150;Rp9,400
05/ 03/ 2020;Rp11,850;Rp10,150;Rp9,400
06/ 03/ 2020;Rp11,850;Rp10,150;Rp9,400
09/ 03/ 2020;Rp11,850;Rp10,150;Rp9,400
10/ 03/ 2020;Rp11,850;Rp10,150;Rp9,400
11/ 03/ 2020;Rp11,850;Rp10,150;Rp9,400
12/ 03/ 2020;Rp11,850;Rp10,150;Rp9,400
13/ 03/ 2020;Rp11,850;Rp10,150;Rp9,400
16/ 03/ 2020;Rp11,850;Rp10,150;Rp9,450
17/ 03/ 2020;Rp11,850;Rp10,150;Rp9,450
18/ 03/ 2020;Rp11,850;Rp10,150;Rp9,450
19/ 03/ 2020;Rp11,850;Rp10,150;Rp9,450
20/ 03/ 2020;Rp11,900;Rp10,150;Rp9,450
23/ 03/ 2020;Rp11,850;Rp10,200;Rp9,600
24/ 03/ 2020;Rp11,850;Rp10,200;Rp9,600
25/ 03/ 2020;Rp11,050;Rp9,600;Rp9,600
26/ 03/ 2020;Rp11,850;Rp10,200;Rp9,600
27/ 03/ 2020;Rp11,850;Rp10,200;Rp9,600
30/ 03/ 2020;Rp11,900;Rp10,200;Rp9,650
31/ 03/ 2020;Rp11,900;Rp10,200;Rp9,650
01/ 04/ 2020;Rp11,900;Rp10,250;Rp9,700
02/ 04/ 2020;Rp11,900;Rp10,200;Rp9,700
03/ 04/ 2020;Rp11,900;Rp10,200;Rp9,700
06/ 04/ 2020;Rp11,900;Rp10,250;Rp9,750
07/ 04/ 2020;Rp11,900;Rp10,250;Rp9,750
08/ 04/ 2020;Rp11,900;Rp10,250;Rp9,750
09/ 04/ 2020;Rp11,900;Rp10,250;Rp9,750
10/ 04/ 2020;Rp11,550;Rp9,750;Rp9,750
13/ 04/ 2020;Rp11,900;Rp10,250;Rp9,750
14/ 04/ 2020;Rp11,900;Rp10,250;Rp9,750
15/ 04/ 2020;Rp11,900;Rp10,250;Rp9,750
16/ 04/ 2020;Rp11,950;Rp10,250;Rp9,750
17/ 04/ 2020;Rp11,950;Rp10,250;Rp9,750
20/ 04/ 2020;Rp11,950;Rp10,250;Rp9,750
21/ 04/ 2020;Rp11,950;Rp10,250;Rp9,750
22/ 04/ 2020;Rp11,950;Rp10,250;Rp9,750
23/ 04/ 2020;Rp11,950;Rp10,250;Rp9,750
24/ 04/ 2020;Rp11,950;Rp10,250;Rp9,750
27/ 04/ 2020;Rp11,950;Rp10,250;Rp9,750
28/ 04/ 2020;Rp11,900;Rp10,250;Rp9,750
29/ 04/ 2020;Rp11,900;Rp10,250;Rp9,750
30/ 04/ 2020;Rp11,900;Rp10,250;Rp9,750
01/ 05/ 2020;Rp12,350;-;-
04/ 05/ 2020;Rp11,900;Rp10,250;Rp9,850
05/ 05/ 2020;Rp11,900;Rp10,300;Rp9,850
06/ 05/ 2020;Rp11,900;Rp10,300;Rp9,850
07/ 05/ 2020;Rp11,950;-;-
08/ 05/ 2020;Rp11,900;Rp10,300;Rp9,850
11/ 05/ 2020;Rp11,900;Rp10,300;Rp9,850
12/ 05/ 2020;Rp11,900;Rp10,300;Rp9,850
13/ 05/ 2020;Rp11,900;Rp10,300;Rp9,850
14/ 05/ 2020;Rp11,900;Rp10,300;Rp9,850
15/ 05/ 2020;Rp11,900;Rp10,300;Rp9,850
18/ 05/ 2020;Rp11,900;Rp10,300;Rp9,850
19/ 05/ 2020;Rp11,900;Rp10,300;Rp9,850
20/ 05/ 2020;Rp11,900;Rp10,350;Rp9,900
21/ 05/ 2020;Rp12,600;-;-
22/ 05/ 2020;Rp12,300;-;-
25/ 05/ 2020;Rp13,100;-;-
26/ 05/ 2020;Rp11,900;Rp10,350;Rp9,950
27/ 05/ 2020;Rp11,900;Rp10,350;Rp9,950
28/ 05/ 2020;Rp11,900;Rp10,350;Rp9,950
29/ 05/ 2020;Rp11,900;Rp10,350;Rp9,950
01/ 06/ 2020;Rp11,500;-;-
02/ 06/ 2020;Rp11,900;Rp10,350;Rp9,950
03/ 06/ 2020;Rp11,900;Rp10,350;Rp9,950
04/ 06/ 2020;Rp11,900;Rp10,300;Rp9,950
05/ 06/ 2020;Rp11,900;Rp10,300;Rp9,950
08/ 06/ 2020;Rp11,900;Rp10,300;Rp9,900
09/ 06/ 2020;Rp11,850;Rp10,300;Rp9,900
10/ 06/ 2020;Rp11,850;Rp10,300;Rp9,850
11/ 06/ 2020;Rp11,850;Rp10,300;Rp9,850
12/ 06/ 2020;Rp11,850;Rp10,300;Rp9,850
15/ 06/ 2020;Rp11,850;Rp10,300;Rp9,850
16/ 06/ 2020;Rp11,850;Rp10,300;Rp9,900
17/ 06/ 2020;Rp11,850;Rp10,250;Rp9,900
18/ 06/ 2020;Rp11,850;Rp10,300;Rp9,900
19/ 06/ 2020;Rp11,850;Rp10,300;Rp9,900
22/ 06/ 2020;Rp11,850;Rp10,300;Rp9,950
23/ 06/ 2020;Rp11,850;Rp10,300;Rp9,950
24/ 06/ 2020;Rp11,850;Rp10,300;Rp9,950
25/ 06/ 2020;Rp11,850;Rp10,300;Rp9,950
26/ 06/ 2020;Rp11,850;Rp10,300;Rp9,950
29/ 06/ 2020;Rp11,850;Rp10,300;Rp9,950
30/ 06/ 2020;Rp11,850;Rp10,300;Rp9,950
01/ 07/ 2020;Rp11,850;Rp10,300;Rp9,950
02/ 07/ 2020;Rp11,850;Rp10,300;Rp9,950
03/ 07/ 2020;Rp11,850;Rp10,300;Rp9,950
06/ 07/ 2020;Rp11,850;Rp10,300;Rp9,950
07/ 07/ 2020;Rp11,850;Rp10,300;Rp9,950
08/ 07/ 2020;Rp11,850;Rp10,300;Rp9,950
09/ 07/ 2020;Rp11,850;Rp10,300;Rp9,950
10/ 07/ 2020;Rp11,850;Rp10,300;Rp9,950
13/ 07/ 2020;Rp11,850;Rp10,300;Rp9,950
14/ 07/ 2020;Rp12,000;Rp10,300;Rp9,950
15/ 07/ 2020;Rp11,850;Rp10,300;Rp9,950
16/ 07/ 2020;Rp11,850;Rp10,300;Rp9,950
17/ 07/ 2020;Rp11,850;Rp10,300;Rp9,950
20/ 07/ 2020;Rp11,850;Rp10,300;Rp9,950
21/ 07/ 2020;Rp11,850;Rp10,300;Rp9,950
22/ 07/ 2020;Rp11,850;Rp10,300;Rp9,950
23/ 07/ 2020;Rp11,850;Rp10,300;Rp9,950
24/ 07/ 2020;Rp11,850;Rp10,300;Rp9,950
27/ 07/ 2020;Rp11,850;Rp10,300;Rp9,950
28/ 07/ 2020;Rp11,850;Rp10,300;Rp9,950
29/ 07/ 2020;Rp11,850;Rp10,300;Rp9,950
30/ 07/ 2020;Rp11,850;Rp10,300;Rp9,950
31/ 07/ 2020;Rp10,900;-;-
03/ 08/ 2020;Rp11,850;Rp10,300;Rp9,950
04/ 08/ 2020;Rp11,850;Rp10,300;Rp9,950
05/ 08/ 2020;Rp11,850;Rp10,300;Rp9,950
06/ 08/ 2020;Rp11,850;Rp10,300;Rp9,950
07/ 08/ 2020;Rp11,850;Rp10,300;Rp9,950
10/ 08/ 2020;Rp11,850;Rp10,300;Rp9,950
11/ 08/ 2020;Rp11,850;Rp10,250;Rp9,950
12/ 08/ 2020;Rp11,850;Rp10,250;Rp9,950
13/ 08/ 2020;Rp11,850;Rp10,250;Rp9,950
14/ 08/ 2020;Rp11,850;Rp10,250;Rp9,950
17/ 08/ 2020;Rp11,700;-;-
18/ 08/ 2020;Rp11,850;Rp10,250;Rp9,950
19/ 08/ 2020;Rp11,850;Rp10,250;Rp9,950
20/ 08/ 2020;Rp10,950;-;-
21/ 08/ 2020;Rp11,900;-;-
24/ 08/ 2020;Rp11,850;Rp10,200;Rp9,900
25/ 08/ 2020;Rp11,850;Rp10,250;Rp9,900
26/ 08/ 2020;Rp11,850;Rp10,250;Rp9,900
27/ 08/ 2020;Rp11,850;Rp10,250;Rp9,900
28/ 08/ 2020;Rp11,850;Rp10,250;Rp9,900
31/ 08/ 2020;Rp11,850;Rp10,250;Rp9,950
01/ 09/ 2020;Rp11,850;Rp10,250;Rp9,950
02/ 09/ 2020;Rp11,800;Rp10,250;Rp9,950
03/ 09/ 2020;Rp11,850;Rp10,250;Rp9,950
04/ 09/ 2020;Rp11,800;Rp10,250;Rp9,950
07/ 09/ 2020;Rp11,800;Rp10,250;Rp9,950
08/ 09/ 2020;Rp11,800;Rp10,250;Rp9,950
09/ 09/ 2020;Rp11,800;Rp10,250;Rp9,950
10/ 09/ 2020;Rp11,800;Rp10,250;Rp9,950
11/ 09/ 2020;Rp11,800;Rp10,250;Rp9,950
14/ 09/ 2020;Rp11,800;Rp10,250;Rp9,950
15/ 09/ 2020;Rp11,800;Rp10,250;Rp9,950
16/ 09/ 2020;Rp11,800;Rp10,250;Rp9,950
17/ 09/ 2020;Rp11,800;Rp10,250;Rp9,950
18/ 09/ 2020;Rp11,800;Rp10,250;Rp9,950
21/ 09/ 2020;Rp11,800;Rp10,250;Rp9,950
22/ 09/ 2020;Rp11,800;Rp10,250;Rp9,950
23/ 09/ 2020;Rp11,800;Rp10,250;Rp9,950
24/ 09/ 2020;Rp11,800;Rp10,250;Rp9,950
25/ 09/ 2020;Rp11,800;Rp10,250;Rp9,950
28/ 09/ 2020;Rp11,800;Rp10,250;Rp9,950
29/ 09/ 2020;Rp11,800;Rp10,300;Rp10,000
30/ 09/ 2020;Rp11,800;Rp10,250;Rp9,950
01/ 10/ 2020;Rp11,800;Rp10,250;Rp9,950
02/ 10/ 2020;Rp11,800;Rp10,250;Rp9,950
05/ 10/ 2020;Rp11,800;Rp10,250;Rp9,950
06/ 10/ 2020;Rp11,800;Rp10,250;Rp9,950
07/ 10/ 2020;Rp11,800;Rp10,250;Rp9,950
08/ 10/ 2020;Rp11,800;Rp10,250;Rp9,950
09/ 10/ 2020;Rp11,800;Rp10,250;Rp9,950
12/ 10/ 2020;Rp11,800;Rp10,250;Rp9,950
13/ 10/ 2020;Rp11,800;Rp10,250;Rp9,950
14/ 10/ 2020;Rp11,800;Rp10,250;Rp9,950
15/ 10/ 2020;Rp11,800;Rp10,250;Rp9,950
16/ 10/ 2020;Rp11,800;Rp10,250;Rp9,950
19/ 10/ 2020;Rp11,800;Rp10,250;Rp9,950
20/ 10/ 2020;Rp11,800;Rp10,250;Rp9,950
21/ 10/ 2020;Rp11,800;Rp10,250;Rp9,950
22/ 10/ 2020;Rp11,800;Rp10,250;Rp9,950
23/ 10/ 2020;Rp11,800;Rp10,250;Rp9,950
26/ 10/ 2020;Rp11,800;Rp10,250;Rp9,950
27/ 10/ 2020;Rp11,800;Rp10,250;Rp9,950
28/ 10/ 2020;Rp11,400;-;-
29/ 10/ 2020;Rp11,950;-;-
30/ 10/ 2020;Rp12,150;-;-
02/ 11/ 2020;Rp11,800;Rp10,250;Rp9,950
03/ 11/ 2020;Rp11,800;Rp10,250;Rp9,950
04/ 11/ 2020;Rp11,800;Rp10,250;Rp9,950
05/ 11/ 2020;Rp11,800;Rp10,250;Rp9,950
06/ 11/ 2020;Rp11,800;Rp10,250;Rp9,950
09/ 11/ 2020;Rp11,800;Rp10,250;Rp9,950
10/ 11/ 2020;Rp11,800;Rp10,250;Rp9,950
11/ 11/ 2020;Rp11,800;Rp10,250;Rp9,950
12/ 11/ 2020;Rp11,800;Rp10,250;Rp9,950
13/ 11/ 2020;Rp11,800;Rp10,200;Rp9,800
16/ 11/ 2020;Rp11,800;Rp10,200;Rp9,800
17/ 11/ 2020;Rp11,800;Rp10,200;Rp9,850
18/ 11/ 2020;Rp11,800;Rp10,200;Rp9,850
19/ 11/ 2020;Rp11,800;Rp10,200;Rp9,850
20/ 11/ 2020;Rp11,800;Rp10,200;Rp9,850
23/ 11/ 2020;Rp11,800;Rp10,200;Rp9,850
24/ 11/ 2020;Rp11,800;Rp10,200;Rp9,850
25/ 11/ 2020;Rp11,800;Rp10,200;Rp9,850
26/ 11/ 2020;Rp11,800;Rp10,200;Rp9,850
27/ 11/ 2020;Rp11,800;Rp10,200;Rp9,850
30/ 11/ 2020;Rp11,800;Rp10,200;Rp9,850
01/ 12/ 2020;Rp11,800;Rp10,200;Rp9,850
02/ 12/ 2020;Rp11,800;Rp10,200;Rp9,850
03/ 12/ 2020;Rp11,800;Rp10,200;Rp9,850
04/ 12/ 2020;Rp11,800;Rp10,200;Rp9,850
07/ 12/ 2020;Rp11,800;Rp10,250;Rp9,900
08/ 12/ 2020;Rp11,800;Rp10,250;Rp9,900
09/ 12/ 2020;Rp12,600;-;-
10/ 12/ 2020;Rp11,800;Rp10,250;Rp9,900
11/ 12/ 2020;Rp11,800;Rp10,250;Rp9,900
14/ 12/ 2020;Rp11,800;Rp10,250;Rp9,900
15/ 12/ 2020;Rp11,800;Rp10,250;Rp9,900
16/ 12/ 2020;Rp11,800;Rp10,250;Rp9,900
17/ 12/ 2020;Rp11,800;Rp10,250;Rp9,900
18/ 12/ 2020;Rp11,800;Rp10,250;Rp9,900
21/ 12/ 2020;Rp11,800;Rp10,250;Rp9,950
22/ 12/ 2020;Rp11,800;Rp10,250;Rp9,950
23/ 12/ 2020;Rp11,800;Rp10,250;Rp9,950
24/ 12/ 2020;Rp11,950;-;-
25/ 12/ 2020;-;-;-
28/ 12/ 2020;Rp11,800;Rp10,250;Rp10,000
29/ 12/ 2020;Rp11,800;Rp10,250;Rp10,000
30/ 12/ 2020;Rp11,800;Rp10,250;Rp10,000
31/ 12/ 2020;Rp12,300;-;-
01/ 01/ 2021;-;-;-
04/ 01/ 2021;Rp11,800;Rp10,250;Rp9,950
05/ 01/ 2021;Rp11,800;Rp10,250;Rp9,950
06/ 01/ 2021;Rp11,800;Rp10,250;Rp9,950
07/ 01/ 2021;Rp11,800;Rp10,250;Rp9,950
08/ 01/ 2021;Rp11,800;Rp10,250;Rp9,950
11/ 01/ 2021;Rp11,800;Rp10,250;Rp9,950
12/ 01/ 2021;Rp11,800;Rp10,250;Rp9,950
13/ 01/ 2021;Rp11,800;Rp10,250;Rp9,950
14/ 01/ 2021;Rp11,800;Rp10,250;Rp9,950
15/ 01/ 2021;Rp11,800;Rp10,200;Rp9,950
18/ 01/ 2021;Rp11,800;Rp10,200;Rp9,950
19/ 01/ 2021;Rp11,800;Rp10,200;Rp9,950
20/ 01/ 2021;Rp11,800;Rp10,200;Rp9,950
21/ 01/ 2021;Rp11,800;Rp10,200;Rp9,950
22/ 01/ 2021;Rp11,800;Rp10,200;Rp9,950
25/ 01/ 2021;Rp11,800;Rp10,200;Rp9,950
26/ 01/ 2021;Rp11,800;Rp10,200;Rp9,950
27/ 01/ 2021;Rp11,800;Rp10,200;Rp9,950
28/ 01/ 2021;Rp11,800;Rp10,250;Rp9,950
29/ 01/ 2021;Rp11,850;Rp10,250;Rp9,950
01/ 02/ 2021;Rp11,800;Rp10,250;Rp9,950
02/ 02/ 2021;Rp11,800;Rp10,250;Rp9,950
03/ 02/ 2021;Rp11,800;Rp10,250;Rp9,950
04/ 02/ 2021;Rp11,800;Rp10,250;Rp9,950
05/ 02/ 2021;Rp11,800;Rp10,250;Rp9,950
08/ 02/ 2021;Rp11,800;Rp10,250;Rp9,950
09/ 02/ 2021;Rp11,800;Rp10,250;Rp9,950
10/ 02/ 2021;Rp11,800;Rp10,250;Rp9,950
11/ 02/ 2021;Rp11,800;Rp10,250;Rp9,950
12/ 02/ 2021;Rp11,550;-;-
15/ 02/ 2021;Rp11,800;Rp10,150;Rp9,750
16/ 02/ 2021;Rp11,800;Rp10,150;Rp9,750
17/ 02/ 2021;Rp11,800;Rp10,150;Rp9,750
18/ 02/ 2021;Rp11,800;Rp10,150;Rp9,750
19/ 02/ 2021;Rp11,800;Rp10,150;Rp9,750
22/ 02/ 2021;Rp11,800;Rp10,150;Rp9,750
23/ 02/ 2021;Rp11,800;Rp10,150;Rp9,750
24/ 02/ 2021;Rp11,800;Rp10,150;Rp9,750
25/ 02/ 2021;Rp11,800;Rp10,150;Rp9,750
26/ 02/ 2021;Rp11,800;Rp10,150;Rp9,750
01/ 03/ 2021;Rp11,800;Rp10,150;Rp9,700
02/ 03/ 2021;Rp11,800;Rp10,150;Rp9,700
03/ 03/ 2021;Rp11,800;Rp10,150;Rp9,700
04/ 03/ 2021;Rp11,800;Rp10,150;Rp9,700
05/ 03/ 2021;Rp11,800;Rp10,150;Rp9,700
08/ 03/ 2021;Rp11,800;Rp10,150;Rp9,700
09/ 03/ 2021;Rp11,800;Rp10,150;Rp9,700
10/ 03/ 2021;Rp11,800;Rp10,150;Rp9,700
11/ 03/ 2021;Rp12,400;-;-
12/ 03/ 2021;Rp11,800;Rp10,150;Rp9,700
15/ 03/ 2021;Rp11,800;Rp10,150;Rp9,700
16/ 03/ 2021;Rp11,800;Rp10,150;Rp9,700
17/ 03/ 2021;Rp11,800;Rp10,150;Rp9,750
18/ 03/ 2021;Rp11,850;Rp10,150;Rp9,750
19/ 03/ 2021;Rp11,800;Rp10,150;Rp9,750
22/ 03/ 2021;Rp11,800;Rp10,150;Rp9,750
23/ 03/ 2021;Rp11,800;Rp10,150;Rp9,750
24/ 03/ 2021;Rp11,800;Rp10,150;Rp9,750
25/ 03/ 2021;Rp11,800;Rp10,150;Rp9,750
26/ 03/ 2021;Rp11,800;Rp10,150;Rp9,750
29/ 03/ 2021;Rp11,800;Rp10,150;Rp9,750
30/ 03/ 2021;Rp11,800;Rp10,150;Rp9,750
31/ 03/ 2021;Rp11,800;Rp10,150;Rp9,750
01/ 04/ 2021;Rp11,800;Rp10,150;Rp9,750
02/ 04/ 2021;Rp13,200;-;-
05/ 04/ 2021;Rp11,800;Rp10,150;Rp9,750
06/ 04/ 2021;Rp11,800;Rp10,150;Rp9,750
07/ 04/ 2021;Rp11,800;Rp10,150;Rp9,750
08/ 04/ 2021;Rp11,800;Rp10,150;Rp9,750
09/ 04/ 2021;Rp11,800;Rp10,150;Rp9,750
12/ 04/ 2021;Rp11,800;Rp10,150;Rp9,750
13/ 04/ 2021;Rp11,800;Rp10,150;Rp9,750
14/ 04/ 2021;Rp11,800;Rp10,150;Rp9,750
15/ 04/ 2021;Rp11,800;Rp10,150;Rp9,700
16/ 04/ 2021;Rp11,800;Rp10,150;Rp9,700
19/ 04/ 2021;Rp11,800;Rp10,150;Rp9,700
20/ 04/ 2021;Rp11,750;Rp10,150;Rp9,700
21/ 04/ 2021;Rp11,750;Rp10,150;Rp9,700
22/ 04/ 2021;Rp11,850;Rp10,150;Rp9,750
23/ 04/ 2021;Rp11,750;Rp10,150;Rp9,750
26/ 04/ 2021;Rp11,750;Rp10,150;Rp9,750
27/ 04/ 2021;Rp11,750;Rp10,150;Rp9,750
28/ 04/ 2021;Rp11,750;Rp10,150;Rp9,750
29/ 04/ 2021;Rp11,750;Rp10,150;Rp9,750
30/ 04/ 2021;Rp11,750;Rp10,100;Rp9,600
03/ 05/ 2021;Rp11,750;Rp10,100;Rp9,600
04/ 05/ 2021;Rp11,750;Rp10,100;Rp9,600
05/ 05/ 2021;Rp11,750;Rp10,100;Rp9,600
06/ 05/ 2021;Rp11,750;Rp10,100;Rp9,600
07/ 05/ 2021;Rp11,750;Rp10,100;Rp9,600
10/ 05/ 2021;Rp11,750;Rp10,100;Rp9,600
11/ 05/ 2021;Rp11,750;Rp10,150;Rp9,750
12/ 05/ 2021;-;-;-
13/ 05/ 2021;-;-;-
14/ 05/ 2021;-;-;-
17/ 05/ 2021;Rp11,750;Rp10,150;Rp9,750
18/ 05/ 2021;Rp11,750;Rp10,100;Rp9,600
19/ 05/ 2021;Rp11,750;Rp10,100;Rp9,600
20/ 05/ 2021;Rp11,750;Rp10,100;Rp9,600
21/ 05/ 2021;Rp11,750;Rp10,100;Rp9,600
24/ 05/ 2021;Rp11,750;Rp10,100;Rp9,600
25/ 05/ 2021;Rp11,750;Rp10,100;Rp9,600
26/ 05/ 2021;Rp12,150;-;-
27/ 05/ 2021;Rp11,750;Rp10,100;Rp9,600
28/ 05/ 2021;Rp11,750;Rp10,100;Rp9,600
31/ 05/ 2021;Rp11,750;Rp10,100;Rp9,600
01/ 06/ 2021;Rp12,800;-;-
02/ 06/ 2021;Rp11,750;Rp10,100;Rp9,600
03/ 06/ 2021;Rp11,750;Rp10,100;Rp9,600
04/ 06/ 2021;Rp11,750;Rp10,100;Rp9,600
07/ 06/ 2021;Rp11,750;Rp10,100;Rp9,600
08/ 06/ 2021;Rp11,750;Rp10,100;Rp9,600
09/ 06/ 2021;Rp11,750;Rp10,100;Rp9,600
10/ 06/ 2021;Rp11,700;Rp10,100;Rp9,600
11/ 06/ 2021;Rp11,700;Rp10,100;Rp9,600
14/ 06/ 2021;Rp11,750;Rp10,100;Rp9,600
15/ 06/ 2021;Rp11,750;Rp10,100;Rp9,600
16/ 06/ 2021;Rp11,750;Rp10,050;Rp9,600
17/ 06/ 2021;Rp11,750;Rp10,100;Rp9,600
18/ 06/ 2021;Rp11,750;Rp10,100;Rp9,600
21/ 06/ 2021;Rp11,750;Rp10,100;Rp9,600
22/ 06/ 2021;Rp11,750;Rp10,100;Rp9,600
23/ 06/ 2021;Rp11,750;Rp10,100;Rp9,600
24/ 06/ 2021;Rp11,750;Rp10,100;Rp9,600
25/ 06/ 2021;Rp11,750;Rp10,100;Rp9,600
28/ 06/ 2021;Rp11,750;Rp10,100;Rp9,600
29/ 06/ 2021;Rp11,750;Rp10,100;Rp9,600
30/ 06/ 2021;Rp11,700;Rp10,100;Rp9,600
01/ 07/ 2021;Rp11,750;Rp10,100;Rp9,600
02/ 07/ 2021;Rp11,700;Rp10,100;Rp9,600
05/ 07/ 2021;Rp11,700;Rp10,100;Rp9,600
06/ 07/ 2021;Rp11,750;Rp10,100;Rp9,600
07/ 07/ 2021;Rp11,700;Rp10,100;Rp9,600
08/ 07/ 2021;Rp11,700;Rp10,100;Rp9,600
09/ 07/ 2021;Rp11,700;Rp10,100;Rp9,600
12/ 07/ 2021;Rp11,700;Rp10,100;Rp9,600
13/ 07/ 2021;Rp11,700;Rp10,100;Rp9,600
14/ 07/ 2021;Rp11,700;Rp10,100;Rp9,600
15/ 07/ 2021;Rp11,700;Rp10,100;Rp9,600
16/ 07/ 2021;Rp11,700;Rp10,100;Rp9,600
19/ 07/ 2021;Rp11,700;Rp10,100;Rp9,600
20/ 07/ 2021;Rp13,000;-;-
21/ 07/ 2021;Rp11,700;Rp10,100;Rp9,600
22/ 07/ 2021;Rp11,700;Rp10,100;Rp9,600
23/ 07/ 2021;Rp11,700;Rp10,100;Rp9,600
26/ 07/ 2021;Rp11,700;Rp10,100;Rp9,600
27/ 07/ 2021;Rp11,700;Rp10,050;Rp9,600
28/ 07/ 2021;Rp11,750;Rp10,050;Rp9,600
29/ 07/ 2021;Rp11,700;Rp10,050;Rp9,650
30/ 07/ 2021;Rp11,700;Rp10,050;Rp9,600
02/ 08/ 2021;Rp11,700;Rp10,050;Rp9,600
03/ 08/ 2021;Rp11,700;Rp10,050;Rp9,600
04/ 08/ 2021;Rp11,700;Rp10,050;Rp9,600
05/ 08/ 2021;Rp11,700;Rp10,050;Rp9,600
06/ 08/ 2021;Rp11,700;Rp10,100;Rp9,750
09/ 08/ 2021;Rp11,700;Rp10,100;Rp9,800
10/ 08/ 2021;Rp11,700;Rp10,100;Rp9,800
11/ 08/ 2021;Rp11,250;-;-
12/ 08/ 2021;Rp11,700;Rp10,100;Rp9,800
13/ 08/ 2021;Rp11,700;Rp10,100;Rp9,800
16/ 08/ 2021;Rp11,700;Rp10,100;Rp9,800
17/ 08/ 2021;Rp13,000;-;-
18/ 08/ 2021;Rp11,700;Rp10,100;Rp9,800
19/ 08/ 2021;Rp11,650;Rp10,100;Rp9,800
20/ 08/ 2021;Rp11,650;Rp10,100;Rp9,800
23/ 08/ 2021;Rp11,650;Rp10,100;Rp9,800
24/ 08/ 2021;Rp11,650;Rp10,100;Rp9,800
25/ 08/ 2021;Rp11,650;Rp10,100;Rp9,800
26/ 08/ 2021;Rp11,650;Rp10,100;Rp9,800
27/ 08/ 2021;Rp11,650;Rp10,100;Rp9,800
30/ 08/ 2021;Rp11,650;Rp10,100;Rp9,800
31/ 08/ 2021;Rp11,650;Rp10,150;Rp9,800
01/ 09/ 2021;Rp11,650;Rp10,150;Rp9,800
02/ 09/ 2021;Rp11,650;Rp10,150;Rp9,800
03/ 09/ 2021;Rp11,650;Rp10,150;Rp9,800
06/ 09/ 2021;Rp11,650;Rp10,100;Rp9,750
07/ 09/ 2021;Rp11,650;Rp10,100;Rp9,750
08/ 09/ 2021;Rp11,700;Rp10,100;Rp9,700
09/ 09/ 2021;Rp11,700;Rp10,100;Rp9,700
10/ 09/ 2021;Rp11,650;Rp10,100;Rp9,700
13/ 09/ 2021;Rp11,650;Rp10,100;Rp9,750
14/ 09/ 2021;Rp11,650;Rp10,100;Rp9,750
15/ 09/ 2021;Rp11,650;Rp10,100;Rp9,750
16/ 09/ 2021;Rp11,650;Rp10,100;Rp9,750
17/ 09/ 2021;Rp11,650;Rp10,100;Rp9,750
20/ 09/ 2021;Rp11,650;Rp10,100;Rp9,750
21/ 09/ 2021;Rp11,650;Rp10,100;Rp9,750
22/ 09/ 2021;Rp11,650;Rp10,100;Rp9,750
23/ 09/ 2021;Rp11,650;Rp10,100;Rp9,750
24/ 09/ 2021;Rp11,650;Rp10,100;Rp9,700
27/ 09/ 2021;Rp11,650;Rp10,100;Rp9,700
28/ 09/ 2021;Rp11,650;Rp10,100;Rp9,700
29/ 09/ 2021;Rp11,650;Rp10,100;Rp9,700
30/ 09/ 2021;Rp11,650;Rp10,100;Rp9,700
01/ 10/ 2021;Rp11,650;Rp10,100;Rp9,700
04/ 10/ 2021;Rp11,650;Rp10,100;Rp9,700
05/ 10/ 2021;Rp11,650;Rp10,100;Rp9,700
06/ 10/ 2021;Rp11,650;Rp10,100;Rp9,700
07/ 10/ 2021;Rp11,650;Rp10,100;Rp9,700
08/ 10/ 2021;Rp11,650;Rp10,100;Rp9,700
11/ 10/ 2021;Rp11,650;Rp10,100;Rp9,700
12/ 10/ 2021;Rp11,650;Rp10,100;Rp9,700
13/ 10/ 2021;Rp11,650;Rp10,100;Rp9,700
14/ 10/ 2021;Rp11,650;Rp10,100;Rp9,700
15/ 10/ 2021;Rp11,650;Rp10,100;Rp9,700
18/ 10/ 2021;Rp11,650;Rp10,100;Rp9,700
19/ 10/ 2021;Rp11,650;Rp10,100;Rp9,700
20/ 10/ 2021;Rp14,150;-;-
21/ 10/ 2021;Rp11,650;Rp10,100;Rp9,700
22/ 10/ 2021;Rp11,650;Rp10,100;Rp9,700
25/ 10/ 2021;Rp11,650;Rp10,100;Rp9,700
26/ 10/ 2021;Rp11,650;Rp10,100;Rp9,700
27/ 10/ 2021;Rp11,650;Rp10,100;Rp9,700
28/ 10/ 2021;Rp11,650;Rp10,100;Rp9,700
29/ 10/ 2021;Rp11,650;Rp10,100;Rp9,700
01/ 11/ 2021;Rp11,650;Rp10,100;Rp9,700
02/ 11/ 2021;Rp11,650;Rp10,100;Rp9,700
03/ 11/ 2021;Rp11,650;Rp10,100;Rp9,700
04/ 11/ 2021;Rp11,650;Rp10,100;Rp9,700
05/ 11/ 2021;Rp11,650;Rp10,100;Rp9,700
08/ 11/ 2021;Rp11,650;Rp10,100;Rp9,700
09/ 11/ 2021;Rp11,650;Rp10,100;Rp9,700
10/ 11/ 2021;Rp11,700;Rp10,100;Rp9,700
11/ 11/ 2021;Rp11,650;Rp10,100;Rp9,700
12/ 11/ 2021;Rp11,650;Rp10,100;Rp9,700
15/ 11/ 2021;Rp11,650;Rp10,150;Rp9,750
16/ 11/ 2021;Rp11,650;Rp10,150;Rp9,750
17/ 11/ 2021;Rp11,650;Rp10,150;Rp9,750
18/ 11/ 2021;Rp11,650;Rp10,150;Rp9,750
19/ 11/ 2021;Rp11,650;Rp10,150;Rp9,750
22/ 11/ 2021;Rp11,650;Rp10,150;Rp9,750
23/ 11/ 2021;Rp11,650;Rp10,150;Rp9,750
24/ 11/ 2021;Rp11,650;Rp10,150;Rp9,750
25/ 11/ 2021;Rp11,650;Rp10,150;Rp9,750
26/ 11/ 2021;Rp11,650;Rp10,150;Rp9,750
29/ 11/ 2021;Rp11,650;Rp10,150;Rp9,750
30/ 11/ 2021;Rp11,650;Rp10,150;Rp9,750
01/ 12/ 2021;Rp11,650;Rp10,150;Rp9,750
02/ 12/ 2021;Rp11,650;Rp10,150;Rp9,750
03/ 12/ 2021;Rp11,650;Rp10,150;Rp9,750
06/ 12/ 2021;Rp11,650;Rp10,150;Rp9,750
07/ 12/ 2021;Rp11,650;Rp10,150;Rp9,750
08/ 12/ 2021;Rp11,650;Rp10,150;Rp9,750
09/ 12/ 2021;Rp11,650;Rp10,150;Rp9,750
10/ 12/ 2021;Rp11,650;Rp10,150;Rp9,800
13/ 12/ 2021;Rp11,650;Rp10,150;Rp9,800
14/ 12/ 2021;Rp11,700;Rp10,150;Rp9,800
15/ 12/ 2021;Rp11,700;Rp10,150;Rp9,800
16/ 12/ 2021;Rp11,700;Rp10,150;Rp9,800
17/ 12/ 2021;Rp11,700;Rp10,150;Rp9,800
20/ 12/ 2021;Rp11,650;Rp10,200;Rp9,900
21/ 12/ 2021;Rp11,650;Rp10,200;Rp9,900
22/ 12/ 2021;Rp11,600;Rp10,250;Rp10,000
23/ 12/ 2021;Rp11,650;Rp10,250;Rp10,000
24/ 12/ 2021;Rp11,600;Rp10,250;Rp10,000
27/ 12/ 2021;Rp11,700;Rp10,250;Rp10,000
28/ 12/ 2021;Rp11,700;Rp10,200;Rp10,000
29/ 12/ 2021;Rp11,750;Rp10,250;Rp10,000
30/ 12/ 2021;Rp11,750;Rp10,250;Rp10,000
31/ 12/ 2021;Rp11,750;Rp10,250;Rp10,000
03/ 01/ 2022;Rp11,750;Rp10,250;Rp10,000
04/ 01/ 2022;Rp11,750;Rp10,300;Rp10,000
05/ 01/ 2022;Rp11,750;Rp10,350;Rp10,200
06/ 01/ 2022;Rp11,750;Rp10,350;Rp10,200
07/ 01/ 2022;Rp11,750;Rp10,400;Rp10,300
10/ 01/ 2022;Rp11,700;Rp10,400;Rp10,300
11/ 01/ 2022;Rp11,750;Rp10,350;Rp10,300
12/ 01/ 2022;Rp11,750;Rp10,350;Rp10,300
13/ 01/ 2022;Rp11,750;Rp10,350;Rp10,300
14/ 01/ 2022;Rp11,750;Rp10,350;Rp10,300
17/ 01/ 2022;Rp11,750;Rp10,350;Rp10,300
18/ 01/ 2022;Rp11,800;Rp10,350;Rp10,300
19/ 01/ 2022;Rp11,800;Rp10,350;Rp10,350
20/ 01/ 2022;Rp11,800;Rp10,400;Rp10,350
21/ 01/ 2022;Rp11,800;Rp10,400;Rp10,350
24/ 01/ 2022;Rp11,800;Rp10,350;Rp10,300
25/ 01/ 2022;Rp11,800;Rp10,400;Rp10,300
26/ 01/ 2022;Rp11,800;Rp10,400;Rp10,300
27/ 01/ 2022;Rp11,800;Rp10,400;Rp10,300
28/ 01/ 2022;Rp11,800;Rp10,400;Rp10,300
31/ 01/ 2022;Rp11,800;Rp10,350;Rp10,250
01/ 02/ 2022;Rp11,000;-;-
02/ 02/ 2022;Rp11,800;Rp10,350;Rp10,250
03/ 02/ 2022;Rp11,800;Rp10,350;Rp10,250
04/ 02/ 2022;Rp11,800;Rp10,350;Rp10,250
07/ 02/ 2022;Rp11,800;Rp10,400;Rp10,400
08/ 02/ 2022;Rp11,800;Rp10,400;Rp10,400
09/ 02/ 2022;Rp11,800;Rp10,350;Rp10,200
10/ 02/ 2022;Rp11,800;Rp10,350;Rp10,200
11/ 02/ 2022;Rp11,800;Rp10,350;Rp10,200
14/ 02/ 2022;Rp11,800;Rp10,400;Rp10,300
15/ 02/ 2022;Rp11,800;Rp10,400;Rp10,300
16/ 02/ 2022;Rp11,800;Rp10,350;Rp10,250
17/ 02/ 2022;Rp11,800;Rp10,400;Rp10,300
18/ 02/ 2022;Rp11,800;Rp10,400;Rp10,300
21/ 02/ 2022;Rp11,800;Rp10,400;Rp10,300
22/ 02/ 2022;Rp11,800;Rp10,400;Rp10,300
23/ 02/ 2022;Rp11,800;Rp10,400;Rp10,300
24/ 02/ 2022;Rp11,800;Rp10,400;Rp10,300
25/ 02/ 2022;Rp11,800;Rp10,400;Rp10,300
28/ 02/ 2022;-;-;-
01/ 03/ 2022;Rp11,800;Rp10,400;Rp10,300
02/ 03/ 2022;Rp11,800;Rp10,400;Rp10,300
03/ 03/ 2022;-;-;-
04/ 03/ 2022;Rp11,800;Rp10,400;Rp10,250
07/ 03/ 2022;Rp11,800;Rp10,400;Rp10,250
08/ 03/ 2022;Rp11,800;Rp10,400;Rp10,250
09/ 03/ 2022;Rp11,800;Rp10,400;Rp10,250
10/ 03/ 2022;Rp11,800;Rp10,400;Rp10,250
11/ 03/ 2022;Rp11,800;Rp10,400;Rp10,250
14/ 03/ 2022;Rp11,800;Rp10,400;Rp10,250
15/ 03/ 2022;Rp11,800;Rp10,400;Rp10,250
16/ 03/ 2022;Rp11,800;Rp10,400;Rp10,250
17/ 03/ 2022;Rp11,750;Rp10,400;Rp10,250
18/ 03/ 2022;Rp11,800;Rp10,400;Rp10,250
21/ 03/ 2022;Rp11,800;Rp10,400;Rp10,250
22/ 03/ 2022;Rp11,800;Rp10,400;Rp10,250
23/ 03/ 2022;Rp11,800;Rp10,400;Rp10,200
24/ 03/ 2022;Rp11,800;Rp10,400;Rp10,200
25/ 03/ 2022;Rp11,800;Rp10,400;Rp10,200
28/ 03/ 2022;Rp11,800;Rp10,350;Rp10,150
29/ 03/ 2022;Rp11,800;Rp10,350;Rp10,150
30/ 03/ 2022;Rp11,800;Rp10,350;Rp10,150
31/ 03/ 2022;Rp11,800;Rp10,350;Rp10,150
01/ 04/ 2022;Rp11,800;Rp10,350;Rp10,150
04/ 04/ 2022;Rp11,800;Rp10,350;Rp10,150
05/ 04/ 2022;Rp11,800;Rp10,350;Rp10,150
06/ 04/ 2022;Rp11,800;Rp10,350;Rp10,150
07/ 04/ 2022;Rp11,800;Rp10,350;Rp10,150
08/ 04/ 2022;Rp11,800;Rp10,450;-
11/ 04/ 2022;Rp11,800;Rp10,350;Rp10,150
12/ 04/ 2022;Rp11,800;Rp10,300;Rp10,150
13/ 04/ 2022;Rp11,800;Rp10,300;Rp10,150
14/ 04/ 2022;Rp11,800;Rp10,300;Rp10,150
15/ 04/ 2022;Rp12,650;-;-
18/ 04/ 2022;Rp11,850;Rp10,300;Rp10,150
19/ 04/ 2022;Rp11,800;Rp10,300;Rp10,150
20/ 04/ 2022;Rp11,800;Rp10,300;Rp10,150
21/ 04/ 2022;Rp11,800;Rp10,300;Rp10,150
22/ 04/ 2022;Rp11,800;Rp10,300;Rp10,150
25/ 04/ 2022;Rp11,750;Rp10,200;Rp10,150
26/ 04/ 2022;Rp11,750;Rp10,300;Rp10,150
27/ 04/ 2022;Rp11,850;Rp10,300;Rp10,150
28/ 04/ 2022;Rp11,850;Rp10,300;Rp10,150
29/ 04/ 2022;Rp13,600;-;-
02/ 05/ 2022;-;-;-
03/ 05/ 2022;-;-;-
04/ 05/ 2022;Rp13,750;-;-
05/ 05/ 2022;Rp12,350;-;-
06/ 05/ 2022;Rp12,350;-;-
09/ 05/ 2022;Rp11,750;Rp10,300;Rp10,100
10/ 05/ 2022;Rp11,750;Rp10,300;Rp10,100
11/ 05/ 2022;Rp11,750;Rp10,300;Rp10,100
12/ 05/ 2022;Rp11,750;Rp10,300;Rp10,100
13/ 05/ 2022;Rp11,750;Rp10,250;Rp10,100
16/ 05/ 2022;Rp13,750;-;-
17/ 05/ 2022;Rp11,750;Rp10,300;Rp10,100
18/ 05/ 2022;Rp11,750;Rp10,300;Rp10,100
19/ 05/ 2022;Rp11,750;Rp10,300;Rp10,100
20/ 05/ 2022;Rp11,750;Rp10,300;Rp10,100
23/ 05/ 2022;Rp11,750;Rp10,300;Rp10,100
24/ 05/ 2022;Rp11,750;Rp10,300;Rp10,100
25/ 05/ 2022;Rp11,750;Rp10,300;Rp10,100
26/ 05/ 2022;-;-;-
27/ 05/ 2022;Rp11,750;Rp10,300;Rp10,100
30/ 05/ 2022;Rp11,750;Rp10,300;Rp10,100
31/ 05/ 2022;Rp11,750;Rp10,300;Rp10,100
01/ 06/ 2022;-;-;-
02/ 06/ 2022;Rp11,750;Rp10,300;Rp10,100
03/ 06/ 2022;Rp11,750;Rp10,300;Rp10,100
06/ 06/ 2022;Rp11,750;Rp10,300;Rp10,100
07/ 06/ 2022;Rp11,750;Rp10,300;Rp10,100
08/ 06/ 2022;Rp11,750;Rp10,250;Rp10,000
09/ 06/ 2022;Rp11,750;Rp10,250;Rp10,000
10/ 06/ 2022;Rp11,750;Rp10,400;-
13/ 06/ 2022;Rp11,750;Rp10,250;Rp10,000
14/ 06/ 2022;Rp11,750;Rp10,250;Rp10,000
15/ 06/ 2022;Rp11,750;Rp10,300;Rp10,100
16/ 06/ 2022;Rp11,750;Rp10,300;Rp10,100
17/ 06/ 2022;Rp11,750;Rp10,300;Rp10,100
20/ 06/ 2022;Rp11,750;Rp10,300;Rp10,100
21/ 06/ 2022;Rp11,750;Rp10,300;Rp10,100
22/ 06/ 2022;Rp11,750;Rp10,300;Rp10,100
23/ 06/ 2022;Rp11,750;Rp10,300;Rp10,100
24/ 06/ 2022;Rp11,750;Rp10,300;Rp10,150
27/ 06/ 2022;Rp11,750;Rp10,300;Rp10,150
28/ 06/ 2022;Rp11,800;Rp10,300;Rp10,150
29/ 06/ 2022;Rp11,750;Rp10,300;Rp10,150
30/ 06/ 2022;Rp11,750;Rp10,300;Rp10,150
01/ 07/ 2022;Rp11,750;Rp10,300;Rp10,150
04/ 07/ 2022;Rp11,750;Rp10,300;Rp10,150
05/ 07/ 2022;Rp11,750;Rp10,300;Rp10,150
06/ 07/ 2022;Rp11,750;Rp10,300;Rp10,150
07/ 07/ 2022;Rp11,750;Rp10,300;Rp10,150
08/ 07/ 2022;Rp11,750;Rp10,300;Rp10,150
11/ 07/ 2022;Rp11,750;Rp10,300;Rp10,150
12/ 07/ 2022;Rp11,750;Rp10,300;Rp10,150
13/ 07/ 2022;Rp11,750;Rp10,300;Rp10,150
14/ 07/ 2022;Rp11,750;Rp10,300;Rp10,150
15/ 07/ 2022;Rp11,750;Rp10,300;Rp10,150
18/ 07/ 2022;Rp11,750;Rp10,300;Rp10,150
19/ 07/ 2022;Rp11,750;Rp10,300;Rp10,150
20/ 07/ 2022;Rp11,750;Rp10,300;Rp10,200
21/ 07/ 2022;Rp11,750;Rp10,300;Rp10,200
22/ 07/ 2022;Rp11,750;Rp10,300;Rp10,200
25/ 07/ 2022;Rp11,750;Rp10,350;Rp10,300
26/ 07/ 2022;Rp11,800;Rp10,350;Rp10,300
27/ 07/ 2022;Rp11,750;Rp10,350;Rp10,300
28/ 07/ 2022;Rp11,750;Rp10,350;Rp10,300
29/ 07/ 2022;Rp11,800;Rp10,350;Rp10,250
01/ 08/ 2022;Rp11,800;Rp10,400;Rp10,400
02/ 08/ 2022;Rp11,800;Rp10,550;Rp10,400
03/ 08/ 2022;Rp11,800;Rp10,550;Rp10,350
04/ 08/ 2022;Rp11,800;Rp10,550;Rp10,350
05/ 08/ 2022;Rp11,800;Rp10,450;Rp10,500
08/ 08/ 2022;Rp11,800;Rp10,600;Rp10,850
09/ 08/ 2022;Rp11,800;Rp10,550;Rp10,800
10/ 08/ 2022;Rp11,800;Rp10,600;Rp10,900
11/ 08/ 2022;Rp11,800;Rp10,600;Rp10,900
12/ 08/ 2022;Rp11,850;Rp10,600;Rp10,950
15/ 08/ 2022;Rp11,850;Rp10,650;Rp11,050
16/ 08/ 2022;Rp11,850;Rp10,650;Rp11,050
17/ 08/ 2022;Rp11,750;Rp11,050;Rp11,050
18/ 08/ 2022;Rp11,850;Rp10,650;Rp11,050
19/ 08/ 2022;Rp11,850;Rp10,700;Rp11,200
22/ 08/ 2022;Rp11,850;Rp10,700;Rp11,150
23/ 08/ 2022;Rp11,900;Rp10,750;Rp11,150
24/ 08/ 2022;Rp11,900;Rp10,750;Rp11,150
25/ 08/ 2022;Rp11,900;Rp10,800;Rp11,150
26/ 08/ 2022;Rp11,900;Rp10,800;Rp11,150
29/ 08/ 2022;Rp11,900;Rp10,850;Rp11,150
30/ 08/ 2022;Rp11,900;Rp10,850;Rp11,150
31/ 08/ 2022;Rp11,950;Rp10,850;Rp11,150
01/ 09/ 2022;Rp11,950;Rp10,850;Rp11,150
02/ 09/ 2022;Rp11,950;Rp10,950;Rp11,150
05/ 09/ 2022;Rp11,950;Rp10,950;Rp11,200
06/ 09/ 2022;Rp11,950;Rp10,950;Rp11,200
07/ 09/ 2022;Rp11,950;Rp10,950;Rp11,250
08/ 09/ 2022;Rp11,950;Rp11,000;Rp11,250
09/ 09/ 2022;Rp12,000;Rp11,050;Rp11,250
12/ 09/ 2022;Rp12,000;Rp11,100;Rp11,250
13/ 09/ 2022;Rp12,000;Rp11,100;Rp11,250
14/ 09/ 2022;Rp12,050;Rp11,100;Rp11,250
15/ 09/ 2022;Rp12,050;Rp11,100;Rp11,250
16/ 09/ 2022;Rp12,050;Rp11,100;Rp11,200
19/ 09/ 2022;Rp12,050;Rp11,100;Rp11,200
20/ 09/ 2022;Rp12,050;Rp11,100;Rp11,200
21/ 09/ 2022;Rp12,050;Rp11,050;Rp11,050
22/ 09/ 2022;Rp12,100;Rp11,050;Rp11,050
23/ 09/ 2022;Rp12,100;Rp11,050;Rp11,050
26/ 09/ 2022;Rp12,100;Rp11,050;Rp11,100
27/ 09/ 2022;Rp12,100;Rp11,050;Rp11,100
28/ 09/ 2022;Rp12,100;Rp11,100;Rp11,150
29/ 09/ 2022;Rp12,100;Rp11,100;Rp11,150
30/ 09/ 2022;Rp12,100;Rp11,100;Rp11,150
03/ 10/ 2022;Rp12,150;Rp11,100;Rp11,150
04/ 10/ 2022;Rp12,150;Rp11,100;Rp11,150
05/ 10/ 2022;Rp12,150;Rp11,100;Rp11,200
06/ 10/ 2022;Rp12,150;Rp11,100;Rp11,200
07/ 10/ 2022;Rp12,150;Rp11,050;-
10/ 10/ 2022;Rp12,150;Rp11,050;Rp11,150
11/ 10/ 2022;Rp12,150;Rp11,050;Rp11,150
12/ 10/ 2022;Rp12,150;Rp11,050;Rp11,150
13/ 10/ 2022;Rp12,150;Rp11,050;Rp11,150
14/ 10/ 2022;Rp12,150;Rp11,100;Rp11,200
17/ 10/ 2022;Rp12,150;Rp11,050;Rp11,150
18/ 10/ 2022;Rp12,150;Rp11,100;Rp11,150
19/ 10/ 2022;Rp12,150;Rp11,100;Rp11,100
20/ 10/ 2022;Rp12,150;Rp11,100;Rp11,100
21/ 10/ 2022;Rp12,150;Rp11,100;Rp11,150
24/ 10/ 2022;Rp12,200;Rp11,100;Rp11,100
25/ 10/ 2022;Rp12,200;Rp11,100;Rp11,100
26/ 10/ 2022;Rp12,200;Rp11,050;Rp11,050
27/ 10/ 2022;Rp12,200;Rp11,050;Rp11,050
28/ 10/ 2022;Rp12,200;Rp11,050;Rp11,000
31/ 10/ 2022;Rp12,200;Rp11,050;Rp11,000
01/ 11/ 2022;Rp12,200;Rp11,050;Rp11,000
02/ 11/ 2022;Rp12,200;Rp11,000;Rp10,850
03/ 11/ 2022;Rp12,200;Rp11,000;Rp10,850
04/ 11/ 2022;Rp12,200;Rp11,050;Rp10,900
07/ 11/ 2022;Rp12,200;Rp11,050;Rp10,900
08/ 11/ 2022;Rp12,200;Rp11,050;Rp10,900
09/ 11/ 2022;Rp12,200;Rp11,000;Rp10,750
10/ 11/ 2022;Rp12,200;Rp11,000;Rp10,750
11/ 11/ 2022;Rp12,200;Rp10,950;Rp10,700
14/ 11/ 2022;Rp12,200;Rp10,950;Rp10,700
15/ 11/ 2022;Rp12,200;Rp10,950;Rp10,700
16/ 11/ 2022;Rp12,250;Rp11,000;Rp10,800
17/ 11/ 2022;Rp12,250;Rp11,000;Rp10,800
18/ 11/ 2022;Rp12,250;Rp10,950;Rp10,700
21/ 11/ 2022;Rp12,250;Rp11,050;Rp10,700
22/ 11/ 2022;Rp12,250;Rp11,050;Rp10,700
23/ 11/ 2022;Rp12,250;Rp11,000;Rp10,600
24/ 11/ 2022;Rp12,250;Rp11,000;Rp10,600
25/ 11/ 2022;Rp12,300;Rp11,000;Rp10,600
28/ 11/ 2022;Rp12,300;Rp11,000;Rp10,600
29/ 11/ 2022;Rp12,300;Rp11,000;Rp10,600
30/ 11/ 2022;Rp12,300;Rp11,100;Rp10,800
01/ 12/ 2022;Rp12,300;Rp11,000;Rp10,600
02/ 12/ 2022;Rp12,350;Rp11,000;Rp10,600
05/ 12/ 2022;Rp12,400;Rp11,050;Rp10,700
06/ 12/ 2022;Rp12,400;Rp11,050;Rp10,700
07/ 12/ 2022;Rp12,450;Rp11,150;Rp11,000
08/ 12/ 2022;Rp12,450;Rp11,150;Rp11,000
09/ 12/ 2022;Rp12,450;Rp11,100;Rp10,900
12/ 12/ 2022;Rp12,500;Rp11,150;Rp11,000
13/ 12/ 2022;Rp12,500;Rp11,150;Rp11,000
14/ 12/ 2022;Rp12,550;Rp11,200;Rp11,150
15/ 12/ 2022;Rp12,550;Rp11,200;Rp11,150
16/ 12/ 2022;Rp12,550;Rp11,200;Rp11,150
19/ 12/ 2022;Rp12,550;Rp11,200;Rp11,200
20/ 12/ 2022;Rp12,550;Rp11,200;Rp11,200
21/ 12/ 2022;Rp12,550;Rp11,200;Rp11,200
22/ 12/ 2022;Rp12,550;Rp11,200;Rp11,200
23/ 12/ 2022;Rp12,600;Rp11,300;Rp11,450
26/ 12/ 2022;Rp12,600;Rp11,300;Rp11,450
27/ 12/ 2022;Rp12,600;Rp11,300;Rp11,400
28/ 12/ 2022;Rp12,600;Rp11,300;Rp11,400
29/ 12/ 2022;Rp12,600;Rp11,300;Rp11,400
30/ 12/ 2022;Rp12,600;Rp11,300;Rp11,400
02/ 01/ 2023;Rp12,650;Rp11,400;Rp11,500
03/ 01/ 2023;Rp12,650;Rp11,450;Rp11,600
04/ 01/ 2023;Rp12,650;Rp11,450;Rp11,600
05/ 01/ 2023;Rp12,650;Rp11,450;Rp11,600
06/ 01/ 2023;Rp12,700;Rp11,450;Rp11,600
09/ 01/ 2023;Rp12,700;Rp11,500;Rp11,650
10/ 01/ 2023;Rp12,700;Rp11,600;Rp11,650
11/ 01/ 2023;Rp12,750;Rp11,600;Rp11,650
12/ 01/ 2023;Rp12,750;Rp11,600;Rp11,650
13/ 01/ 2023;Rp12,750;Rp11,600;Rp11,650
16/ 01/ 2023;Rp12,750;Rp11,600;Rp11,650
17/ 01/ 2023;Rp12,800;Rp11,600;Rp11,650
18/ 01/ 2023;Rp12,800;Rp11,600;Rp11,650
19/ 01/ 2023;Rp12,800;Rp11,600;Rp11,650
20/ 01/ 2023;Rp12,800;Rp11,600;Rp11,650
23/ 01/ 2023;Rp12,850;Rp11,600;Rp11,750
24/ 01/ 2023;Rp12,850;Rp11,700;Rp11,750
25/ 01/ 2023;Rp12,850;Rp11,800;Rp12,100
26/ 01/ 2023;Rp12,850;Rp11,800;Rp12,100
27/ 01/ 2023;Rp12,850;Rp11,800;Rp12,100
30/ 01/ 2023;Rp12,900;Rp11,850;Rp12,100
31/ 01/ 2023;Rp12,900;Rp11,850;Rp12,100
01/ 02/ 2023;Rp12,900;Rp11,850;Rp12,100
02/ 02/ 2023;Rp12,950;Rp12,050;Rp12,100
03/ 02/ 2023;Rp12,950;Rp12,050;Rp12,100
06/ 02/ 2023;Rp13,000;Rp12,050;Rp12,100
07/ 02/ 2023;Rp13,000;Rp12,050;Rp12,100
08/ 02/ 2023;Rp13,050;Rp12,050;Rp12,100
09/ 02/ 2023;Rp13,050;Rp12,100;Rp12,150
10/ 02/ 2023;Rp13,050;Rp12,100;Rp12,150
13/ 02/ 2023;Rp13,100;Rp12,100;Rp12,150
14/ 02/ 2023;Rp13,100;Rp12,100;Rp12,150
15/ 02/ 2023;Rp13,100;Rp12,100;Rp12,150
16/ 02/ 2023;Rp13,100;Rp12,100;Rp12,150
17/ 02/ 2023;Rp13,150;Rp12,100;Rp12,150
20/ 02/ 2023;Rp13,200;Rp12,000;Rp11,950
21/ 02/ 2023;Rp13,200;Rp12,000;Rp11,950
22/ 02/ 2023;Rp13,200;Rp12,000;Rp11,950
23/ 02/ 2023;Rp13,200;Rp12,000;Rp11,950
24/ 02/ 2023;Rp13,250;Rp11,950;Rp11,750
27/ 02/ 2023;Rp13,200;Rp11,950;Rp11,800
28/ 02/ 2023;Rp13,200;Rp11,950;Rp11,800
01/ 03/ 2023;Rp13,200;Rp11,900;Rp11,550
02/ 03/ 2023;Rp13,200;Rp11,900;Rp11,550
03/ 03/ 2023;Rp13,200;Rp11,900;Rp11,650
06/ 03/ 2023;Rp13,200;Rp11,800;Rp11,400
07/ 03/ 2023;Rp13,200;Rp11,750;Rp11,400
08/ 03/ 2023;Rp13,250;Rp11,750;Rp11,350
09/ 03/ 2023;Rp13,250;Rp11,750;Rp11,350
10/ 03/ 2023;Rp13,250;Rp11,750;Rp11,350
13/ 03/ 2023;Rp13,250;Rp11,750;Rp11,350
14/ 03/ 2023;Rp13,300;Rp11,750;Rp11,350
15/ 03/ 2023;Rp13,300;Rp11,750;Rp11,350
16/ 03/ 2023;Rp13,300;Rp11,650;Rp11,350
17/ 03/ 2023;Rp13,300;Rp11,650;Rp11,350
20/ 03/ 2023;Rp13,350;Rp11,750;Rp11,550
21/ 03/ 2023;Rp13,350;Rp11,750;Rp11,550
22/ 03/ 2023;Rp13,200;-;-
23/ 03/ 2023;Rp13,250;-;-
24/ 03/ 2023;Rp13,350;Rp11,750;Rp11,600
27/ 03/ 2023;Rp13,400;Rp11,750;Rp11,600
28/ 03/ 2023;Rp13,400;Rp11,750;Rp11,600
29/ 03/ 2023;Rp13,400;Rp11,750;Rp11,600
30/ 03/ 2023;Rp13,400;Rp11,750;Rp11,600
31/ 03/ 2023;Rp13,400;Rp11,750;Rp11,650
03/ 04/ 2023;Rp13,400;Rp11,750;Rp11,650
04/ 04/ 2023;Rp13,400;Rp11,750;Rp11,650
05/ 04/ 2023;Rp13,400;Rp11,750;Rp11,550
06/ 04/ 2023;Rp13,400;Rp11,750;Rp11,550
07/ 04/ 2023;Rp13,250;Rp11,550;Rp11,550
10/ 04/ 2023;Rp13,400;Rp11,750;Rp11,550
11/ 04/ 2023;Rp13,400;Rp11,750;Rp11,550
12/ 04/ 2023;Rp13,450;Rp11,750;Rp11,550
13/ 04/ 2023;Rp13,400;Rp11,750;Rp11,550
14/ 04/ 2023;Rp13,400;Rp11,750;Rp11,550
17/ 04/ 2023;Rp13,400;Rp11,750;Rp11,550
18/ 04/ 2023;Rp13,400;Rp11,750;Rp11,550
19/ 04/ 2023;Rp13,400;Rp11,750;Rp11,550
20/ 04/ 2023;Rp13,400;Rp11,750;Rp11,550
21/ 04/ 2023;Rp13,400;Rp11,750;Rp11,550
24/ 04/ 2023;Rp13,400;Rp11,750;Rp11,550
25/ 04/ 2023;Rp13,400;Rp11,750;Rp11,550
26/ 04/ 2023;Rp13,400;Rp11,750;Rp11,550
27/ 04/ 2023;Rp13,400;Rp11,750;Rp11,550
28/ 04/ 2023;Rp13,400;Rp11,800;Rp11,650
01/ 05/ 2023;Rp12,800;-;-
02/ 05/ 2023;Rp13,400;Rp11,800;Rp11,650
03/ 05/ 2023;Rp13,400;Rp11,700;Rp11,400
04/ 05/ 2023;Rp13,400;Rp11,700;Rp11,400
05/ 05/ 2023;Rp13,400;Rp11,700;Rp11,400
08/ 05/ 2023;Rp13,400;Rp11,700;Rp11,400
09/ 05/ 2023;Rp13,400;Rp11,700;Rp11,400
10/ 05/ 2023;Rp13,400;Rp11,700;Rp11,400
11/ 05/ 2023;Rp13,450;Rp11,700;Rp11,400
12/ 05/ 2023;Rp13,450;Rp11,700;Rp11,400
15/ 05/ 2023;Rp13,450;Rp11,750;Rp11,400
16/ 05/ 2023;Rp13,450;Rp11,750;Rp11,400
17/ 05/ 2023;Rp13,450;Rp11,750;Rp11,400
18/ 05/ 2023;Rp13,450;Rp11,750;Rp11,400
19/ 05/ 2023;Rp13,450;Rp11,750;Rp11,400
22/ 05/ 2023;Rp13,450;Rp11,750;Rp11,400
23/ 05/ 2023;Rp13,450;Rp11,750;Rp11,400
24/ 05/ 2023;Rp13,450;Rp11,750;Rp11,400
25/ 05/ 2023;Rp13,500;Rp11,750;Rp11,400
26/ 05/ 2023;Rp13,500;Rp11,750;Rp11,400
29/ 05/ 2023;Rp13,500;Rp11,700;Rp11,450
30/ 05/ 2023;Rp13,500;Rp11,700;Rp11,400
31/ 05/ 2023;Rp13,500;Rp11,700;Rp11,400
01/ 06/ 2023;Rp13,550;Rp11,700;Rp11,400
02/ 06/ 2023;Rp13,500;Rp11,700;Rp11,400
05/ 06/ 2023;Rp13,500;Rp11,700;Rp11,300
06/ 06/ 2023;Rp13,500;Rp11,700;Rp11,300
07/ 06/ 2023;Rp13,500;Rp11,700;Rp11,350
08/ 06/ 2023;Rp13,500;Rp11,700;Rp11,350
09/ 06/ 2023;Rp13,500;Rp11,700;Rp11,350
12/ 06/ 2023;Rp13,500;Rp11,650;Rp11,350
13/ 06/ 2023;Rp13,500;Rp11,650;Rp11,350
14/ 06/ 2023;Rp13,500;Rp11,650;Rp11,300
15/ 06/ 2023;Rp13,500;Rp11,650;Rp11,300
16/ 06/ 2023;Rp13,500;Rp11,650;Rp11,250
19/ 06/ 2023;Rp13,550;Rp11,650;Rp11,250
20/ 06/ 2023;Rp13,550;Rp11,650;Rp11,250
21/ 06/ 2023;Rp13,550;Rp11,700;Rp11,450
22/ 06/ 2023;Rp13,550;Rp11,700;Rp11,450
23/ 06/ 2023;Rp13,550;Rp11,700;Rp11,450
26/ 06/ 2023;Rp13,550;Rp11,750;Rp11,450
27/ 06/ 2023;Rp13,550;Rp11,750;Rp11,450
28/ 06/ 2023;Rp13,550;Rp11,750;Rp11,450
29/ 06/ 2023;Rp13,600;Rp11,750;Rp11,450
30/ 06/ 2023;Rp13,650;Rp11,750;Rp11,450
03/ 07/ 2023;Rp13,550;Rp11,750;Rp11,550
04/ 07/ 2023;Rp13,550;Rp11,750;Rp11,550
05/ 07/ 2023;Rp13,550;Rp11,750;Rp11,500
06/ 07/ 2023;Rp13,550;Rp11,750;Rp11,500
07/ 07/ 2023;Rp13,550;Rp11,750;Rp11,500
10/ 07/ 2023;Rp13,550;Rp11,850;Rp11,750
11/ 07/ 2023;Rp13,550;Rp11,850;Rp11,750
12/ 07/ 2023;Rp13,550;Rp11,850;Rp11,800
13/ 07/ 2023;Rp13,550;Rp11,900;Rp11,800
14/ 07/ 2023;Rp13,550;Rp11,900;Rp11,800
17/ 07/ 2023;Rp13,550;Rp11,900;Rp11,800
18/ 07/ 2023;Rp13,550;Rp11,950;Rp11,800
19/ 07/ 2023;Rp13,450;Rp11,950;Rp11,800
20/ 07/ 2023;Rp13,550;Rp12,000;Rp12,000
21/ 07/ 2023;Rp13,550;Rp12,000;Rp12,000
24/ 07/ 2023;Rp13,550;Rp12,050;Rp12,050
25/ 07/ 2023;Rp13,550;Rp12,050;Rp12,050
26/ 07/ 2023;Rp13,550;Rp12,050;Rp12,050
27/ 07/ 2023;Rp13,550;Rp12,050;Rp12,050
28/ 07/ 2023;Rp13,550;Rp12,100;Rp12,150
31/ 07/ 2023;Rp13,550;Rp12,100;Rp12,150
01/ 08/ 2023;Rp13,550;Rp12,100;Rp12,150
02/ 08/ 2023;Rp13,550;Rp12,150;Rp12,200
03/ 08/ 2023;Rp13,550;Rp12,150;Rp12,200
04/ 08/ 2023;Rp13,550;Rp12,150;Rp12,200
07/ 08/ 2023;Rp13,550;Rp12,150;Rp12,250
08/ 08/ 2023;Rp13,550;Rp12,200;Rp12,250
09/ 08/ 2023;Rp13,550;Rp12,200;Rp12,250
10/ 08/ 2023;Rp13,550;Rp12,300;Rp12,350
11/ 08/ 2023;Rp13,550;Rp12,300;Rp12,350
14/ 08/ 2023;Rp13,600;Rp12,250;Rp12,250
15/ 08/ 2023;Rp13,600;Rp12,300;Rp12,450
16/ 08/ 2023;Rp13,600;Rp12,350;Rp12,450
17/ 08/ 2023;Rp13,650;Rp12,350;Rp12,450
18/ 08/ 2023;Rp13,600;Rp12,350;Rp12,450
21/ 08/ 2023;Rp13,600;Rp12,350;Rp12,450
22/ 08/ 2023;Rp13,650;Rp12,350;Rp12,450
23/ 08/ 2023;Rp13,650;Rp12,350;Rp12,450
24/ 08/ 2023;Rp13,700;Rp12,450;Rp12,450
25/ 08/ 2023;Rp13,700;Rp12,450;Rp12,450
28/ 08/ 2023;Rp13,750;Rp12,450;Rp12,450
29/ 08/ 2023;Rp13,750;Rp12,500;Rp12,450
30/ 08/ 2023;Rp13,800;Rp12,500;Rp12,450
31/ 08/ 2023;Rp13,800;Rp12,550;Rp12,450
01/ 09/ 2023;Rp13,800;Rp12,550;Rp12,450
04/ 09/ 2023;Rp13,900;Rp12,600;Rp12,650
05/ 09/ 2023;Rp13,950;Rp12,700;Rp12,650
06/ 09/ 2023;Rp13,950;Rp12,900;Rp12,950
07/ 09/ 2023;Rp14,000;Rp12,900;Rp12,950
08/ 09/ 2023;Rp14,000;Rp12,900;Rp12,950
11/ 09/ 2023;Rp14,050;Rp13,000;Rp13,150
12/ 09/ 2023;Rp14,100;Rp13,150;Rp13,150
13/ 09/ 2023;Rp14,100;Rp13,250;Rp13,200
14/ 09/ 2023;Rp14,150;Rp13,250;Rp13,200
15/ 09/ 2023;Rp14,200;Rp13,250;Rp13,200
18/ 09/ 2023;Rp14,200;Rp13,400;Rp13,350
19/ 09/ 2023;Rp14,250;Rp13,500;Rp13,350
20/ 09/ 2023;Rp14,250;Rp13,500;Rp13,350
21/ 09/ 2023;Rp14,250;Rp13,550;Rp13,350
22/ 09/ 2023;Rp14,300;Rp13,550;Rp13,350
25/ 09/ 2023;Rp14,350;Rp13,600;Rp13,350
26/ 09/ 2023;Rp14,350;Rp13,600;Rp13,350
27/ 09/ 2023;Rp14,350;Rp13,600;Rp13,350
28/ 09/ 2023;Rp14,400;Rp13,600;Rp13,350
29/ 09/ 2023;Rp14,400;Rp13,600;Rp13,350
02/ 10/ 2023;Rp14,400;Rp13,650;Rp13,400
03/ 10/ 2023;Rp14,450;Rp13,650;Rp13,400
04/ 10/ 2023;Rp14,450;Rp13,650;Rp13,350
05/ 10/ 2023;Rp14,500;Rp13,650;Rp13,350
06/ 10/ 2023;Rp14,500;Rp13,650;Rp13,350
09/ 10/ 2023;Rp14,550;Rp13,650;Rp13,400
10/ 10/ 2023;Rp14,550;Rp13,650;Rp13,400
11/ 10/ 2023;Rp14,550;Rp13,650;Rp13,400
12/ 10/ 2023;Rp14,550;Rp13,650;Rp13,400
13/ 10/ 2023;Rp14,550;Rp13,650;Rp13,400
16/ 10/ 2023;Rp14,600;Rp13,650;Rp13,400
17/ 10/ 2023;Rp14,600;Rp13,650;Rp13,400
18/ 10/ 2023;Rp14,600;Rp13,650;Rp13,350
19/ 10/ 2023;Rp14,650;Rp13,650;Rp13,350
20/ 10/ 2023;Rp14,650;Rp13,650;Rp13,350
23/ 10/ 2023;Rp14,650;Rp13,600;Rp13,300
24/ 10/ 2023;Rp14,650;Rp13,600;Rp13,300
25/ 10/ 2023;Rp14,650;Rp13,600;Rp13,300
26/ 10/ 2023;Rp14,650;Rp13,600;Rp13,300
27/ 10/ 2023;Rp14,650;Rp13,600;Rp13,300
30/ 10/ 2023;Rp14,650;Rp13,650;Rp13,250
31/ 10/ 2023;Rp14,650;Rp13,650;Rp13,250
01/ 11/ 2023;Rp14,650;Rp13,650;Rp13,250
02/ 11/ 2023;Rp14,650;Rp13,650;Rp13,250
03/ 11/ 2023;Rp14,650;Rp13,600;Rp13,200
06/ 11/ 2023;Rp14,650;Rp13,600;Rp13,200
07/ 11/ 2023;Rp14,650;Rp13,600;Rp13,200
08/ 11/ 2023;Rp14,650;Rp13,600;Rp13,150
09/ 11/ 2023;Rp14,650;Rp13,600;Rp13,150
10/ 11/ 2023;Rp14,650;Rp13,600;Rp13,150
13/ 11/ 2023;Rp14,650;Rp13,600;Rp13,200
14/ 11/ 2023;Rp14,650;Rp13,600;Rp13,200
15/ 11/ 2023;Rp14,650;Rp13,600;Rp13,200
16/ 11/ 2023;Rp14,650;Rp13,600;Rp13,200
17/ 11/ 2023;Rp14,650;Rp13,650;Rp13,250
20/ 11/ 2023;Rp14,650;Rp13,650;Rp13,250
21/ 11/ 2023;Rp14,650;Rp13,650;Rp13,250
22/ 11/ 2023;Rp14,650;Rp13,700;Rp13,450
23/ 11/ 2023;Rp14,650;Rp13,700;Rp13,450
24/ 11/ 2023;Rp14,650;Rp13,700;Rp13,450
27/ 11/ 2023;Rp14,650;Rp13,700;Rp13,450
28/ 11/ 2023;Rp14,600;Rp13,700;Rp13,450
29/ 11/ 2023;Rp14,700;Rp13,700;Rp13,450
30/ 11/ 2023;Rp14,650;Rp13,700;Rp13,450
01/ 12/ 2023;Rp14,650;Rp13,700;Rp13,450
04/ 12/ 2023;Rp14,700;Rp13,700;Rp13,450
05/ 12/ 2023;Rp14,700;Rp13,700;Rp13,450
06/ 12/ 2023;Rp14,700;Rp13,700;Rp13,450
07/ 12/ 2023;Rp14,650;Rp13,700;Rp13,450
08/ 12/ 2023;Rp14,700;Rp13,700;Rp13,450
11/ 12/ 2023;Rp14,700;Rp13,700;Rp13,450
12/ 12/ 2023;Rp14,700;Rp13,700;Rp13,450
13/ 12/ 2023;Rp14,650;Rp13,750;Rp13,450
14/ 12/ 2023;Rp14,700;Rp13,750;Rp13,450
15/ 12/ 2023;Rp14,700;Rp13,750;Rp13,450
18/ 12/ 2023;Rp14,650;Rp13,750;Rp13,450
19/ 12/ 2023;Rp14,700;Rp13,750;Rp13,450
20/ 12/ 2023;Rp14,700;Rp13,750;Rp13,450
21/ 12/ 2023;Rp14,650;Rp13,750;Rp13,450
22/ 12/ 2023;Rp14,650;Rp13,750;Rp13,450
25/ 12/ 2023;Rp13,750;-;-
26/ 12/ 2023;Rp13,750;Rp13,800;-
27/ 12/ 2023;Rp14,700;Rp13,750;Rp13,450
28/ 12/ 2023;Rp14,700;Rp13,750;Rp13,450
29/ 12/ 2023;Rp14,650;Rp13,750;Rp13,450
01/ 01/ 2024;Rp14,550;Rp13,750;Rp13,450
02/ 01/ 2024;Rp14,700;Rp13,700;Rp13,450
03/ 01/ 2024;Rp14,700;Rp13,800;Rp13,500
04/ 01/ 2024;Rp14,750;Rp13,800;Rp13,500
05/ 01/ 2024;Rp14,750;Rp13,800;Rp13,500
08/ 01/ 2024;Rp14,750;Rp13,750;Rp13,450
09/ 01/ 2024;Rp14,750;Rp13,800;Rp13,450
10/ 01/ 2024;Rp14,800;Rp13,800;Rp13,450
11/ 01/ 2024;Rp14,750;Rp13,800;Rp13,450
12/ 01/ 2024;Rp14,750;Rp13,800;Rp13,450
15/ 01/ 2024;Rp14,800;Rp13,800;Rp13,450
16/ 01/ 2024;Rp14,800;Rp13,800;Rp13,450
17/ 01/ 2024;Rp14,800;Rp13,800;Rp13,450
18/ 01/ 2024;Rp14,800;Rp13,800;Rp13,450
19/ 01/ 2024;Rp14,800;Rp13,800;Rp13,450
22/ 01/ 2024;Rp14,850;Rp13,800;Rp13,500
23/ 01/ 2024;Rp14,850;Rp13,800;Rp13,500
24/ 01/ 2024;Rp14,850;Rp13,800;Rp13,500
25/ 01/ 2024;Rp14,850;Rp13,800;Rp13,500
26/ 01/ 2024;Rp14,850;Rp13,800;Rp13,450
29/ 01/ 2024;Rp14,900;Rp13,800;Rp13,500
30/ 01/ 2024;Rp14,950;Rp13,850;Rp13,500
31/ 01/ 2024;Rp14,950;Rp13,850;Rp13,500
01/ 02/ 2024;Rp14,950;Rp13,850;Rp13,500
02/ 02/ 2024;Rp15,000;Rp13,850;Rp13,500
05/ 02/ 2024;Rp15,150;Rp13,850;Rp13,500
06/ 02/ 2024;Rp15,150;Rp13,850;Rp13,500
07/ 02/ 2024;Rp15,150;Rp13,850;Rp13,500
08/ 02/ 2024;Rp15,150;Rp13,850;Rp13,500
09/ 02/ 2024;Rp15,150;Rp13,850;Rp13,500
12/ 02/ 2024;Rp15,250;Rp13,800;Rp13,450
13/ 02/ 2024;Rp15,300;Rp13,800;Rp13,450
14/ 02/ 2024;Rp15,250;Rp13,800;Rp13,450
15/ 02/ 2024;Rp15,350;Rp13,800;Rp13,450
16/ 02/ 2024;Rp15,400;Rp13,800;Rp13,450
19/ 02/ 2024;Rp15,450;Rp13,850;Rp13,500
20/ 02/ 2024;Rp15,550;Rp13,850;Rp13,500
21/ 02/ 2024;Rp15,550;Rp13,850;Rp13,500
22/ 02/ 2024;Rp15,600;Rp13,850;Rp13,500
23/ 02/ 2024;Rp15,650;Rp13,850;Rp13,450
26/ 02/ 2024;Rp15,750;Rp13,850;Rp13,450
27/ 02/ 2024;Rp15,800;Rp13,850;Rp13,450
28/ 02/ 2024;Rp15,850;Rp13,850;Rp13,450
29/ 02/ 2024;Rp15,850;Rp13,850;Rp13,450
01/ 03/ 2024;Rp15,900;Rp13,850;Rp13,450
04/ 03/ 2024;Rp15,950;Rp13,800;Rp13,400
05/ 03/ 2024;Rp15,950;Rp13,800;Rp13,400
06/ 03/ 2024;Rp15,950;Rp13,850;Rp13,450
07/ 03/ 2024;Rp15,950;Rp13,850;Rp13,450
08/ 03/ 2024;Rp15,950;Rp13,850;Rp13,450
11/ 03/ 2024;Rp15,950;Rp13,850;Rp13,450
12/ 03/ 2024;Rp15,950;Rp13,850;Rp13,450
13/ 03/ 2024;Rp16,000;Rp13,800;Rp13,400
14/ 03/ 2024;Rp16,000;Rp13,800;Rp13,400
15/ 03/ 2024;Rp16,000;Rp13,800;Rp13,400
18/ 03/ 2024;Rp16,000;Rp13,800;Rp13,400
19/ 03/ 2024;Rp16,000;Rp13,800;Rp13,400
20/ 03/ 2024;Rp16,000;Rp13,800;Rp13,400
21/ 03/ 2024;Rp15,950;Rp13,800;Rp13,450
22/ 03/ 2024;Rp15,950;Rp13,800;Rp13,450
25/ 03/ 2024;Rp15,950;Rp13,800;Rp13,450
26/ 03/ 2024;Rp15,900;Rp13,800;Rp13,450
27/ 03/ 2024;Rp15,900;Rp13,800;Rp13,450
28/ 03/ 2024;Rp15,900;Rp13,800;Rp13,400
29/ 03/ 2024;Rp15,900;Rp13,800;Rp13,400
01/ 04/ 2024;Rp15,850;Rp13,800;Rp13,400
02/ 04/ 2024;Rp15,850;Rp13,800;Rp13,400
03/ 04/ 2024;Rp15,800;Rp13,750;Rp13,300
04/ 04/ 2024;Rp15,800;Rp13,800;Rp13,400
05/ 04/ 2024;Rp15,800;Rp13,800;Rp13,400
08/ 04/ 2024;Rp15,800;Rp13,800;Rp13,400
09/ 04/ 2024;Rp15,800;Rp13,800;Rp13,400
10/ 04/ 2024;Rp15,800;Rp13,800;Rp13,400
11/ 04/ 2024;Rp15,800;Rp13,800;Rp13,400
12/ 04/ 2024;Rp15,800;Rp13,800;Rp13,400
15/ 04/ 2024;Rp15,800;Rp13,800;Rp13,400
16/ 04/ 2024;Rp15,700;Rp13,800;Rp13,400
17/ 04/ 2024;Rp15,700;Rp13,800;Rp13,400
18/ 04/ 2024;Rp15,700;Rp13,700;Rp13,400
19/ 04/ 2024;Rp15,650;Rp13,800;Rp13,350
22/ 04/ 2024;Rp15,600;Rp14,000;-
23/ 04/ 2024;Rp15,600;Rp13,800;Rp13,350
24/ 04/ 2024;Rp15,550;Rp13,800;Rp13,400
25/ 04/ 2024;Rp15,500;Rp13,800;Rp13,400
26/ 04/ 2024;Rp15,500;Rp13,800;Rp13,350
29/ 04/ 2024;Rp15,500;Rp13,800;Rp13,350
30/ 04/ 2024;Rp15,500;Rp13,800;Rp13,350
01/ 05/ 2024;Rp15,400;Rp14,000;-
02/ 05/ 2024;Rp15,450;Rp13,800;Rp13,350
03/ 05/ 2024;Rp15,450;Rp14,000;-
06/ 05/ 2024;Rp15,450;Rp13,800;Rp13,350
07/ 05/ 2024;Rp15,450;Rp13,800;Rp13,350
08/ 05/ 2024;Rp15,450;Rp14,000;-
09/ 05/ 2024;Rp15,450;Rp13,800;Rp13,350
10/ 05/ 2024;Rp15,450;Rp13,800;Rp13,350
13/ 05/ 2024;Rp15,450;Rp13,800;Rp13,400
14/ 05/ 2024;Rp15,450;Rp13,800;Rp13,400
15/ 05/ 2024;Rp15,450;Rp13,800;Rp13,350
16/ 05/ 2024;Rp15,400;Rp13,800;Rp13,350
17/ 05/ 2024;Rp15,400;Rp13,800;Rp13,350
20/ 05/ 2024;Rp15,400;Rp13,800;Rp13,350
21/ 05/ 2024;Rp15,400;Rp13,750;Rp13,350
22/ 05/ 2024;Rp15,400;Rp13,750;Rp13,350
23/ 05/ 2024;Rp15,400;Rp14,000;-
24/ 05/ 2024;Rp15,400;Rp14,000;-
27/ 05/ 2024;Rp15,350;Rp13,750;Rp13,350
28/ 05/ 2024;Rp15,350;Rp13,800;Rp13,350
29/ 05/ 2024;Rp15,350;Rp13,950;-
30/ 05/ 2024;Rp15,350;Rp13,750;Rp13,350
31/ 05/ 2024;Rp15,350;Rp13,750;Rp13,350
03/ 06/ 2024;Rp15,350;Rp13,950;-
04/ 06/ 2024;Rp15,350;Rp13,750;Rp13,350
05/ 06/ 2024;Rp15,400;Rp13,700;Rp13,250
06/ 06/ 2024;Rp15,350;Rp13,700;Rp13,250
07/ 06/ 2024;Rp15,350;Rp13,700;Rp13,200
10/ 06/ 2024;Rp15,350;Rp13,700;Rp13,200
11/ 06/ 2024;Rp15,350;Rp13,700;Rp13,200
12/ 06/ 2024;Rp15,350;Rp13,700;Rp13,250
13/ 06/ 2024;Rp15,250;Rp13,700;Rp13,250
14/ 06/ 2024;Rp15,350;Rp13,700;Rp13,250
17/ 06/ 2024;Rp15,350;Rp13,700;Rp13,250
18/ 06/ 2024;Rp15,350;Rp13,700;Rp13,250
19/ 06/ 2024;Rp15,350;Rp13,750;Rp13,300
20/ 06/ 2024;Rp15,350;Rp13,750;Rp13,300
21/ 06/ 2024;Rp15,300;Rp13,750;Rp13,300
24/ 06/ 2024;Rp15,250;Rp13,750;Rp13,350
25/ 06/ 2024;Rp15,300;Rp13,750;Rp13,350
26/ 06/ 2024;Rp15,350;Rp13,750;Rp13,350
27/ 06/ 2024;Rp15,300;Rp13,750;Rp13,350
28/ 06/ 2024;Rp15,350;Rp13,750;Rp13,350
01/ 07/ 2024;Rp15,350;Rp13,800;Rp13,500
02/ 07/ 2024;Rp15,350;Rp13,850;Rp13,500
03/ 07/ 2024;Rp15,350;Rp13,900;Rp13,500
04/ 07/ 2024;Rp15,350;Rp13,900;Rp13,500
05/ 07/ 2024;Rp15,350;Rp13,900;Rp13,500
08/ 07/ 2024;Rp15,350;Rp13,900;Rp13,500
09/ 07/ 2024;Rp15,300;Rp13,900;Rp13,500
10/ 07/ 2024;Rp15,350;Rp13,900;Rp13,500
11/ 07/ 2024;Rp15,350;Rp13,900;Rp13,500
12/ 07/ 2024;Rp15,350;Rp13,900;Rp13,500
15/ 07/ 2024;Rp15,350;Rp13,900;Rp13,500
16/ 07/ 2024;Rp15,350;Rp13,900;Rp13,500
17/ 07/ 2024;Rp15,350;Rp13,900;Rp13,500
18/ 07/ 2024;Rp15,300;Rp13,900;Rp13,500
19/ 07/ 2024;Rp15,350;Rp13,900;Rp13,500
22/ 07/ 2024;Rp15,350;Rp13,900;Rp13,500
23/ 07/ 2024;Rp15,300;Rp13,900;Rp13,500
24/ 07/ 2024;Rp15,300;Rp13,900;Rp13,500
25/ 07/ 2024;Rp15,350;Rp13,900;Rp13,500
26/ 07/ 2024;Rp15,350;Rp13,900;Rp13,500
29/ 07/ 2024;Rp15,350;Rp13,900;Rp13,500
30/ 07/ 2024;Rp15,350;Rp13,900;Rp13,500
31/ 07/ 2024;Rp15,350;Rp13,900;Rp13,500
01/ 08/ 2024;Rp15,400;Rp13,900;Rp13,500
02/ 08/ 2024;Rp15,350;Rp13,900;Rp13,500
05/ 08/ 2024;Rp15,300;Rp13,900;Rp13,550
06/ 08/ 2024;Rp15,350;Rp13,900;Rp13,550
07/ 08/ 2024;Rp15,350;Rp13,900;Rp13,550
08/ 08/ 2024;Rp15,350;Rp13,900;Rp13,550
09/ 08/ 2024;Rp15,300;Rp13,900;Rp13,550
12/ 08/ 2024;Rp15,350;Rp13,900;Rp13,550
13/ 08/ 2024;Rp15,300;Rp13,900;Rp13,550
14/ 08/ 2024;Rp15,300;Rp13,900;Rp13,550
15/ 08/ 2024;Rp15,300;Rp14,100;-
16/ 08/ 2024;Rp15,350;Rp13,900;Rp13,550
19/ 08/ 2024;Rp15,300;Rp13,900;Rp13,550
20/ 08/ 2024;Rp15,350;Rp13,900;Rp13,550
21/ 08/ 2024;Rp15,250;Rp13,900;Rp13,500
22/ 08/ 2024;Rp15,350;Rp13,900;Rp13,500
23/ 08/ 2024;Rp15,350;Rp13,900;Rp13,550
26/ 08/ 2024;Rp15,350;Rp13,900;Rp13,450
27/ 08/ 2024;Rp15,350;Rp13,900;Rp13,450
28/ 08/ 2024;Rp15,250;Rp13,900;Rp13,450
29/ 08/ 2024;Rp15,300;Rp13,900;Rp13,450
30/ 08/ 2024;Rp15,350;Rp14,100;-
