Date,Semua Provinsi,Aceh,Kota Lhokseumawe
2020-01-01,11800.0,10300.0,10000.0
2020-01-02,11800.0,10300.0,10000.0
2020-01-03,11850.0,10300.0,10000.0
2020-01-06,11800.0,10350.0,10000.0
2020-01-07,11800.0,10350.0,10000.0
2020-01-08,11800.0,10350.0,10000.0
2020-01-09,11800.0,10350.0,10000.0
2020-01-10,11850.0,10350.0,10000.0
2020-01-13,11800.0,10350.0,10000.0
2020-01-14,11850.0,10350.0,10000.0
2020-01-15,11850.0,10350.0,10000.0
2020-01-16,11850.0,10350.0,10000.0
2020-01-17,11850.0,10350.0,10000.0
2020-01-20,11850.0,10350.0,10000.0
2020-01-21,11850.0,10350.0,10000.0
2020-01-22,11850.0,10350.0,10000.0
2020-01-23,11850.0,10350.0,10000.0
2020-01-24,11850.0,10350.0,10000.0
2020-01-27,11850.0,10350.0,10050.0
2020-01-28,11850.0,10350.0,10050.0
2020-01-29,11850.0,10350.0,10050.0
2020-01-30,11850.0,10350.0,10050.0
2020-01-31,11850.0,10350.0,10050.0
2020-02-03,11850.0,10350.0,10050.0
2020-02-04,11850.0,10350.0,10050.0
2020-02-05,11850.0,10350.0,10050.0
2020-02-06,11850.0,10350.0,10050.0
2020-02-07,11850.0,10350.0,10050.0
2020-02-10,11850.0,10350.0,10050.0
2020-02-11,11850.0,10350.0,10050.0
2020-02-12,11850.0,10350.0,10050.0
2020-02-13,11850.0,10350.0,10050.0
2020-02-14,11900.0,10350.0,10050.0
2020-02-17,11900.0,10350.0,10050.0
2020-02-18,11850.0,10350.0,10050.0
2020-02-19,11850.0,10350.0,10050.0
2020-02-20,11850.0,10350.0,10050.0
2020-02-21,11850.0,10350.0,10050.0
2020-02-24,11850.0,10150.0,9400.0
2020-02-25,11850.0,10150.0,9400.0
2020-02-26,11850.0,10150.0,9400.0
2020-02-27,11850.0,10150.0,9400.0
2020-02-28,11850.0,10150.0,9400.0
2020-03-02,11850.0,10150.0,9400.0
2020-03-03,11850.0,10150.0,9400.0
2020-03-04,11850.0,10150.0,9400.0
2020-03-05,11850.0,10150.0,9400.0
2020-03-06,11850.0,10150.0,9400.0
2020-03-09,11850.0,10150.0,9400.0
2020-03-10,11850.0,10150.0,9400.0
2020-03-11,11850.0,10150.0,9400.0
2020-03-12,11850.0,10150.0,9400.0
2020-03-13,11850.0,10150.0,9400.0
2020-03-16,11850.0,10150.0,9450.0
2020-03-17,11850.0,10150.0,9450.0
2020-03-18,11850.0,10150.0,9450.0
2020-03-19,11850.0,10150.0,9450.0
2020-03-20,11900.0,10150.0,9450.0
2020-03-23,11850.0,10200.0,9600.0
2020-03-24,11850.0,10200.0,9600.0
2020-03-25,11050.0,9600.0,9600.0
2020-03-26,11850.0,10200.0,9600.0
2020-03-27,11850.0,10200.0,9600.0
2020-03-30,11900.0,10200.0,9650.0
2020-03-31,11900.0,10200.0,9650.0
2020-04-01,11900.0,10250.0,9700.0
2020-04-02,11900.0,10200.0,9700.0
2020-04-03,11900.0,10200.0,9700.0
2020-04-06,11900.0,10250.0,9750.0
2020-04-07,11900.0,10250.0,9750.0
2020-04-08,11900.0,10250.0,9750.0
2020-04-09,11900.0,10250.0,9750.0
2020-04-10,11550.0,9750.0,9750.0
2020-04-13,11900.0,10250.0,9750.0
2020-04-14,11900.0,10250.0,9750.0
2020-04-15,11900.0,10250.0,9750.0
2020-04-16,11950.0,10250.0,9750.0
2020-04-17,11950.0,10250.0,9750.0
2020-04-20,11950.0,10250.0,9750.0
2020-04-21,11950.0,10250.0,9750.0
2020-04-22,11950.0,10250.0,9750.0
2020-04-23,11950.0,10250.0,9750.0
2020-04-24,11950.0,10250.0,9750.0
2020-04-27,11950.0,10250.0,9750.0
2020-04-28,11900.0,10250.0,9750.0
2020-04-29,11900.0,10250.0,9750.0
2020-04-30,11900.0,10250.0,9750.0
2020-05-01,12350.0,10250.0,9800.0
2020-05-04,11900.0,10250.0,9850.0
2020-05-05,11900.0,10300.0,9850.0
2020-05-06,11900.0,10300.0,9850.0
2020-05-07,11950.0,10300.0,9850.0
2020-05-08,11900.0,10300.0,9850.0
2020-05-11,11900.0,10300.0,9850.0
2020-05-12,11900.0,10300.0,9850.0
2020-05-13,11900.0,10300.0,9850.0
2020-05-14,11900.0,10300.0,9850.0
2020-05-15,11900.0,10300.0,9850.0
2020-05-18,11900.0,10300.0,9850.0
2020-05-19,11900.0,10300.0,9850.0
2020-05-20,11900.0,10350.0,9900.0
2020-05-21,12600.0,10350.0,9912.0
2020-05-22,12300.0,10350.0,9925.0
2020-05-25,13100.0,10350.0,9938.0
2020-05-26,11900.0,10350.0,9950.0
2020-05-27,11900.0,10350.0,9950.0
2020-05-28,11900.0,10350.0,9950.0
2020-05-29,11900.0,10350.0,9950.0
2020-06-01,11500.0,10350.0,9950.0
2020-06-02,11900.0,10350.0,9950.0
2020-06-03,11900.0,10350.0,9950.0
2020-06-04,11900.0,10300.0,9950.0
2020-06-05,11900.0,10300.0,9950.0
2020-06-08,11900.0,10300.0,9900.0
2020-06-09,11850.0,10300.0,9900.0
2020-06-10,11850.0,10300.0,9850.0
2020-06-11,11850.0,10300.0,9850.0
2020-06-12,11850.0,10300.0,9850.0
2020-06-15,11850.0,10300.0,9850.0
2020-06-16,11850.0,10300.0,9900.0
2020-06-17,11850.0,10250.0,9900.0
2020-06-18,11850.0,10300.0,9900.0
2020-06-19,11850.0,10300.0,9900.0
2020-06-22,11850.0,10300.0,9950.0
2020-06-23,11850.0,10300.0,9950.0
2020-06-24,11850.0,10300.0,9950.0
2020-06-25,11850.0,10300.0,9950.0
2020-06-26,11850.0,10300.0,9950.0
2020-06-29,11850.0,10300.0,9950.0
2020-06-30,11850.0,10300.0,9950.0
2020-07-01,11850.0,10300.0,9950.0
2020-07-02,11850.0,10300.0,9950.0
2020-07-03,11850.0,10300.0,9950.0
2020-07-06,11850.0,10300.0,9950.0
2020-07-07,11850.0,10300.0,9950.0
2020-07-08,11850.0,10300.0,9950.0
2020-07-09,11850.0,10300.0,9950.0
2020-07-10,11850.0,10300.0,9950.0
2020-07-13,11850.0,10300.0,9950.0
2020-07-14,12000.0,10300.0,9950.0
2020-07-15,11850.0,10300.0,9950.0
2020-07-16,11850.0,10300.0,9950.0
2020-07-17,11850.0,10300.0,9950.0
2020-07-20,11850.0,10300.0,9950.0
2020-07-21,11850.0,10300.0,9950.0
2020-07-22,11850.0,10300.0,9950.0
2020-07-23,11850.0,10300.0,9950.0
2020-07-24,11850.0,10300.0,9950.0
2020-07-27,11850.0,10300.0,9950.0
2020-07-28,11850.0,10300.0,9950.0
2020-07-29,11850.0,10300.0,9950.0
2020-07-30,11850.0,10300.0,9950.0
2020-07-31,10900.0,10300.0,9950.0
2020-08-03,11850.0,10300.0,9950.0
2020-08-04,11850.0,10300.0,9950.0
2020-08-05,11850.0,10300.0,9950.0
2020-08-06,11850.0,10300.0,9950.0
2020-08-07,11850.0,10300.0,9950.0
2020-08-10,11850.0,10300.0,9950.0
2020-08-11,11850.0,10250.0,9950.0
2020-08-12,11850.0,10250.0,9950.0
2020-08-13,11850.0,10250.0,9950.0
2020-08-14,11850.0,10250.0,9950.0
2020-08-17,11700.0,10250.0,9950.0
2020-08-18,11850.0,10250.0,9950.0
2020-08-19,11850.0,10250.0,9950.0
2020-08-20,10950.0,10233.0,9933.0
2020-08-21,11900.0,10217.0,9917.0
2020-08-24,11850.0,10200.0,9900.0
2020-08-25,11850.0,10250.0,9900.0
2020-08-26,11850.0,10250.0,9900.0
2020-08-27,11850.0,10250.0,9900.0
2020-08-28,11850.0,10250.0,9900.0
2020-08-31,11850.0,10250.0,9950.0
2020-09-01,11850.0,10250.0,9950.0
2020-09-02,11800.0,10250.0,9950.0
2020-09-03,11850.0,10250.0,9950.0
2020-09-04,11800.0,10250.0,9950.0
2020-09-07,11800.0,10250.0,9950.0
2020-09-08,11800.0,10250.0,9950.0
2020-09-09,11800.0,10250.0,9950.0
2020-09-10,11800.0,10250.0,9950.0
2020-09-11,11800.0,10250.0,9950.0
2020-09-14,11800.0,10250.0,9950.0
2020-09-15,11800.0,10250.0,9950.0
2020-09-16,11800.0,10250.0,9950.0
2020-09-17,11800.0,10250.0,9950.0
2020-09-18,11800.0,10250.0,9950.0
2020-09-21,11800.0,10250.0,9950.0
2020-09-22,11800.0,10250.0,9950.0
2020-09-23,11800.0,10250.0,9950.0
2020-09-24,11800.0,10250.0,9950.0
2020-09-25,11800.0,10250.0,9950.0
2020-09-28,11800.0,10250.0,9950.0
2020-09-29,11800.0,10300.0,10000.0
2020-09-30,11800.0,10250.0,9950.0
2020-10-01,11800.0,10250.0,9950.0
2020-10-02,11800.0,10250.0,9950.0
2020-10-05,11800.0,10250.0,9950.0
2020-10-06,11800.0,10250.0,9950.0
2020-10-07,11800.0,10250.0,9950.0
2020-10-08,11800.0,10250.0,9950.0
2020-10-09,11800.0,10250.0,9950.0
2020-10-12,11800.0,10250.0,9950.0
2020-10-13,11800.0,10250.0,9950.0
2020-10-14,11800.0,10250.0,9950.0
2020-10-15,11800.0,10250.0,9950.0
2020-10-16,11800.0,10250.0,9950.0
2020-10-19,11800.0,10250.0,9950.0
2020-10-20,11800.0,10250.0,9950.0
2020-10-21,11800.0,10250.0,9950.0
2020-10-22,11800.0,10250.0,9950.0
2020-10-23,11800.0,10250.0,9950.0
2020-10-26,11800.0,10250.0,9950.0
2020-10-27,11800.0,10250.0,9950.0
2020-10-28,11400.0,10250.0,9950.0
2020-10-29,11950.0,10250.0,9950.0
2020-10-30,12150.0,10250.0,9950.0
2020-11-02,11800.0,10250.0,9950.0
2020-11-03,11800.0,10250.0,9950.0
2020-11-04,11800.0,10250.0,9950.0
2020-11-05,11800.0,10250.0,9950.0
2020-11-06,11800.0,10250.0,9950.0
2020-11-09,11800.0,10250.0,9950.0
2020-11-10,11800.0,10250.0,9950.0
2020-11-11,11800.0,10250.0,9950.0
2020-11-12,11800.0,10250.0,9950.0
2020-11-13,11800.0,10200.0,9800.0
2020-11-16,11800.0,10200.0,9800.0
2020-11-17,11800.0,10200.0,9850.0
2020-11-18,11800.0,10200.0,9850.0
2020-11-19,11800.0,10200.0,9850.0
2020-11-20,11800.0,10200.0,9850.0
2020-11-23,11800.0,10200.0,9850.0
2020-11-24,11800.0,10200.0,9850.0
2020-11-25,11800.0,10200.0,9850.0
2020-11-26,11800.0,10200.0,9850.0
2020-11-27,11800.0,10200.0,9850.0
2020-11-30,11800.0,10200.0,9850.0
2020-12-01,11800.0,10200.0,9850.0
2020-12-02,11800.0,10200.0,9850.0
2020-12-03,11800.0,10200.0,9850.0
2020-12-04,11800.0,10200.0,9850.0
2020-12-07,11800.0,10250.0,9900.0
2020-12-08,11800.0,10250.0,9900.0
2020-12-09,12600.0,10250.0,9900.0
2020-12-10,11800.0,10250.0,9900.0
2020-12-11,11800.0,10250.0,9900.0
2020-12-14,11800.0,10250.0,9900.0
2020-12-15,11800.0,10250.0,9900.0
2020-12-16,11800.0,10250.0,9900.0
2020-12-17,11800.0,10250.0,9900.0
2020-12-18,11800.0,10250.0,9900.0
2020-12-21,11800.0,10250.0,9950.0
2020-12-22,11800.0,10250.0,9950.0
2020-12-23,11800.0,10250.0,9950.0
2020-12-24,11950.0,10250.0,9967.0
2020-12-25,11875.0,10250.0,9983.0
2020-12-28,11800.0,10250.0,10000.0
2020-12-29,11800.0,10250.0,10000.0
2020-12-30,11800.0,10250.0,10000.0
2020-12-31,12300.0,10250.0,9983.0
2021-01-01,12050.0,10250.0,9967.0
2021-01-04,11800.0,10250.0,9950.0
2021-01-05,11800.0,10250.0,9950.0
2021-01-06,11800.0,10250.0,9950.0
2021-01-07,11800.0,10250.0,9950.0
2021-01-08,11800.0,10250.0,9950.0
2021-01-11,11800.0,10250.0,9950.0
2021-01-12,11800.0,10250.0,9950.0
2021-01-13,11800.0,10250.0,9950.0
2021-01-14,11800.0,10250.0,9950.0
2021-01-15,11800.0,10200.0,9950.0
2021-01-18,11800.0,10200.0,9950.0
2021-01-19,11800.0,10200.0,9950.0
2021-01-20,11800.0,10200.0,9950.0
2021-01-21,11800.0,10200.0,9950.0
2021-01-22,11800.0,10200.0,9950.0
2021-01-25,11800.0,10200.0,9950.0
2021-01-26,11800.0,10200.0,9950.0
2021-01-27,11800.0,10200.0,9950.0
2021-01-28,11800.0,10250.0,9950.0
2021-01-29,11850.0,10250.0,9950.0
2021-02-01,11800.0,10250.0,9950.0
2021-02-02,11800.0,10250.0,9950.0
2021-02-03,11800.0,10250.0,9950.0
2021-02-04,11800.0,10250.0,9950.0
2021-02-05,11800.0,10250.0,9950.0
2021-02-08,11800.0,10250.0,9950.0
2021-02-09,11800.0,10250.0,9950.0
2021-02-10,11800.0,10250.0,9950.0
2021-02-11,11800.0,10250.0,9950.0
2021-02-12,11550.0,10200.0,9850.0
2021-02-15,11800.0,10150.0,9750.0
2021-02-16,11800.0,10150.0,9750.0
2021-02-17,11800.0,10150.0,9750.0
2021-02-18,11800.0,10150.0,9750.0
2021-02-19,11800.0,10150.0,9750.0
2021-02-22,11800.0,10150.0,9750.0
2021-02-23,11800.0,10150.0,9750.0
2021-02-24,11800.0,10150.0,9750.0
2021-02-25,11800.0,10150.0,9750.0
2021-02-26,11800.0,10150.0,9750.0
2021-03-01,11800.0,10150.0,9700.0
2021-03-02,11800.0,10150.0,9700.0
2021-03-03,11800.0,10150.0,9700.0
2021-03-04,11800.0,10150.0,9700.0
2021-03-05,11800.0,10150.0,9700.0
2021-03-08,11800.0,10150.0,9700.0
2021-03-09,11800.0,10150.0,9700.0
2021-03-10,11800.0,10150.0,9700.0
2021-03-11,12400.0,10150.0,9700.0
2021-03-12,11800.0,10150.0,9700.0
2021-03-15,11800.0,10150.0,9700.0
2021-03-16,11800.0,10150.0,9700.0
2021-03-17,11800.0,10150.0,9750.0
2021-03-18,11850.0,10150.0,9750.0
2021-03-19,11800.0,10150.0,9750.0
2021-03-22,11800.0,10150.0,9750.0
2021-03-23,11800.0,10150.0,9750.0
2021-03-24,11800.0,10150.0,9750.0
2021-03-25,11800.0,10150.0,9750.0
2021-03-26,11800.0,10150.0,9750.0
2021-03-29,11800.0,10150.0,9750.0
2021-03-30,11800.0,10150.0,9750.0
2021-03-31,11800.0,10150.0,9750.0
2021-04-01,11800.0,10150.0,9750.0
2021-04-02,13200.0,10150.0,9750.0
2021-04-05,11800.0,10150.0,9750.0
2021-04-06,11800.0,10150.0,9750.0
2021-04-07,11800.0,10150.0,9750.0
2021-04-08,11800.0,10150.0,9750.0
2021-04-09,11800.0,10150.0,9750.0
2021-04-12,11800.0,10150.0,9750.0
2021-04-13,11800.0,10150.0,9750.0
2021-04-14,11800.0,10150.0,9750.0
2021-04-15,11800.0,10150.0,9700.0
2021-04-16,11800.0,10150.0,9700.0
2021-04-19,11800.0,10150.0,9700.0
2021-04-20,11750.0,10150.0,9700.0
2021-04-21,11750.0,10150.0,9700.0
2021-04-22,11850.0,10150.0,9750.0
2021-04-23,11750.0,10150.0,9750.0
2021-04-26,11750.0,10150.0,9750.0
2021-04-27,11750.0,10150.0,9750.0
2021-04-28,11750.0,10150.0,9750.0
2021-04-29,11750.0,10150.0,9750.0
2021-04-30,11750.0,10100.0,9600.0
2021-05-03,11750.0,10100.0,9600.0
2021-05-04,11750.0,10100.0,9600.0
2021-05-05,11750.0,10100.0,9600.0
2021-05-06,11750.0,10100.0,9600.0
2021-05-07,11750.0,10100.0,9600.0
2021-05-10,11750.0,10100.0,9600.0
2021-05-11,11750.0,10150.0,9750.0
2021-05-12,11750.0,10150.0,9750.0
2021-05-13,11750.0,10150.0,9750.0
2021-05-14,11750.0,10150.0,9750.0
2021-05-17,11750.0,10150.0,9750.0
2021-05-18,11750.0,10100.0,9600.0
2021-05-19,11750.0,10100.0,9600.0
2021-05-20,11750.0,10100.0,9600.0
2021-05-21,11750.0,10100.0,9600.0
2021-05-24,11750.0,10100.0,9600.0
2021-05-25,11750.0,10100.0,9600.0
2021-05-26,12150.0,10100.0,9600.0
2021-05-27,11750.0,10100.0,9600.0
2021-05-28,11750.0,10100.0,9600.0
2021-05-31,11750.0,10100.0,9600.0
2021-06-01,12800.0,10100.0,9600.0
2021-06-02,11750.0,10100.0,9600.0
2021-06-03,11750.0,10100.0,9600.0
2021-06-04,11750.0,10100.0,9600.0
2021-06-07,11750.0,10100.0,9600.0
2021-06-08,11750.0,10100.0,9600.0
2021-06-09,11750.0,10100.0,9600.0
2021-06-10,11700.0,10100.0,9600.0
2021-06-11,11700.0,10100.0,9600.0
2021-06-14,11750.0,10100.0,9600.0
2021-06-15,11750.0,10100.0,9600.0
2021-06-16,11750.0,10050.0,9600.0
2021-06-17,11750.0,10100.0,9600.0
2021-06-18,11750.0,10100.0,9600.0
2021-06-21,11750.0,10100.0,9600.0
2021-06-22,11750.0,10100.0,9600.0
2021-06-23,11750.0,10100.0,9600.0
2021-06-24,11750.0,10100.0,9600.0
2021-06-25,11750.0,10100.0,9600.0
2021-06-28,11750.0,10100.0,9600.0
2021-06-29,11750.0,10100.0,9600.0
2021-06-30,11700.0,10100.0,9600.0
2021-07-01,11750.0,10100.0,9600.0
2021-07-02,11700.0,10100.0,9600.0
2021-07-05,11700.0,10100.0,9600.0
2021-07-06,11750.0,10100.0,9600.0
2021-07-07,11700.0,10100.0,9600.0
2021-07-08,11700.0,10100.0,9600.0
2021-07-09,11700.0,10100.0,9600.0
2021-07-12,11700.0,10100.0,9600.0
2021-07-13,11700.0,10100.0,9600.0
2021-07-14,11700.0,10100.0,9600.0
2021-07-15,11700.0,10100.0,9600.0
2021-07-16,11700.0,10100.0,9600.0
2021-07-19,11700.0,10100.0,9600.0
2021-07-20,13000.0,10100.0,9600.0
2021-07-21,11700.0,10100.0,9600.0
2021-07-22,11700.0,10100.0,9600.0
2021-07-23,11700.0,10100.0,9600.0
2021-07-26,11700.0,10100.0,9600.0
2021-07-27,11700.0,10050.0,9600.0
2021-07-28,11750.0,10050.0,9600.0
2021-07-29,11700.0,10050.0,9650.0
2021-07-30,11700.0,10050.0,9600.0
2021-08-02,11700.0,10050.0,9600.0
2021-08-03,11700.0,10050.0,9600.0
2021-08-04,11700.0,10050.0,9600.0
2021-08-05,11700.0,10050.0,9600.0
2021-08-06,11700.0,10100.0,9750.0
2021-08-09,11700.0,10100.0,9800.0
2021-08-10,11700.0,10100.0,9800.0
2021-08-11,11250.0,10100.0,9800.0
2021-08-12,11700.0,10100.0,9800.0
2021-08-13,11700.0,10100.0,9800.0
2021-08-16,11700.0,10100.0,9800.0
2021-08-17,13000.0,10100.0,9800.0
2021-08-18,11700.0,10100.0,9800.0
2021-08-19,11650.0,10100.0,9800.0
2021-08-20,11650.0,10100.0,9800.0
2021-08-23,11650.0,10100.0,9800.0
2021-08-24,11650.0,10100.0,9800.0
2021-08-25,11650.0,10100.0,9800.0
2021-08-26,11650.0,10100.0,9800.0
2021-08-27,11650.0,10100.0,9800.0
2021-08-30,11650.0,10100.0,9800.0
2021-08-31,11650.0,10150.0,9800.0
2021-09-01,11650.0,10150.0,9800.0
2021-09-02,11650.0,10150.0,9800.0
2021-09-03,11650.0,10150.0,9800.0
2021-09-06,11650.0,10100.0,9750.0
2021-09-07,11650.0,10100.0,9750.0
2021-09-08,11700.0,10100.0,9700.0
2021-09-09,11700.0,10100.0,9700.0
2021-09-10,11650.0,10100.0,9700.0
2021-09-13,11650.0,10100.0,9750.0
2021-09-14,11650.0,10100.0,9750.0
2021-09-15,11650.0,10100.0,9750.0
2021-09-16,11650.0,10100.0,9750.0
2021-09-17,11650.0,10100.0,9750.0
2021-09-20,11650.0,10100.0,9750.0
2021-09-21,11650.0,10100.0,9750.0
2021-09-22,11650.0,10100.0,9750.0
2021-09-23,11650.0,10100.0,9750.0
2021-09-24,11650.0,10100.0,9700.0
2021-09-27,11650.0,10100.0,9700.0
2021-09-28,11650.0,10100.0,9700.0
2021-09-29,11650.0,10100.0,9700.0
2021-09-30,11650.0,10100.0,9700.0
2021-10-01,11650.0,10100.0,9700.0
2021-10-04,11650.0,10100.0,9700.0
2021-10-05,11650.0,10100.0,9700.0
2021-10-06,11650.0,10100.0,9700.0
2021-10-07,11650.0,10100.0,9700.0
2021-10-08,11650.0,10100.0,9700.0
2021-10-11,11650.0,10100.0,9700.0
2021-10-12,11650.0,10100.0,9700.0
2021-10-13,11650.0,10100.0,9700.0
2021-10-14,11650.0,10100.0,9700.0
2021-10-15,11650.0,10100.0,9700.0
2021-10-18,11650.0,10100.0,9700.0
2021-10-19,11650.0,10100.0,9700.0
2021-10-20,14150.0,10100.0,9700.0
2021-10-21,11650.0,10100.0,9700.0
2021-10-22,11650.0,10100.0,9700.0
2021-10-25,11650.0,10100.0,9700.0
2021-10-26,11650.0,10100.0,9700.0
2021-10-27,11650.0,10100.0,9700.0
2021-10-28,11650.0,10100.0,9700.0
2021-10-29,11650.0,10100.0,9700.0
2021-11-01,11650.0,10100.0,9700.0
2021-11-02,11650.0,10100.0,9700.0
2021-11-03,11650.0,10100.0,9700.0
2021-11-04,11650.0,10100.0,9700.0
2021-11-05,11650.0,10100.0,9700.0
2021-11-08,11650.0,10100.0,9700.0
2021-11-09,11650.0,10100.0,9700.0
2021-11-10,11700.0,10100.0,9700.0
2021-11-11,11650.0,10100.0,9700.0
2021-11-12,11650.0,10100.0,9700.0
2021-11-15,11650.0,10150.0,9750.0
2021-11-16,11650.0,10150.0,9750.0
2021-11-17,11650.0,10150.0,9750.0
2021-11-18,11650.0,10150.0,9750.0
2021-11-19,11650.0,10150.0,9750.0
2021-11-22,11650.0,10150.0,9750.0
2021-11-23,11650.0,10150.0,9750.0
2021-11-24,11650.0,10150.0,9750.0
2021-11-25,11650.0,10150.0,9750.0
2021-11-26,11650.0,10150.0,9750.0
2021-11-29,11650.0,10150.0,9750.0
2021-11-30,11650.0,10150.0,9750.0
2021-12-01,11650.0,10150.0,9750.0
2021-12-02,11650.0,10150.0,9750.0
2021-12-03,11650.0,10150.0,9750.0
2021-12-06,11650.0,10150.0,9750.0
2021-12-07,11650.0,10150.0,9750.0
2021-12-08,11650.0,10150.0,9750.0
2021-12-09,11650.0,10150.0,9750.0
2021-12-10,11650.0,10150.0,9800.0
2021-12-13,11650.0,10150.0,9800.0
2021-12-14,11700.0,10150.0,9800.0
2021-12-15,11700.0,10150.0,9800.0
2021-12-16,11700.0,10150.0,9800.0
2021-12-17,11700.0,10150.0,9800.0
2021-12-20,11650.0,10200.0,9900.0
2021-12-21,11650.0,10200.0,9900.0
2021-12-22,11600.0,10250.0,10000.0
2021-12-23,11650.0,10250.0,10000.0
2021-12-24,11600.0,10250.0,10000.0
2021-12-27,11700.0,10250.0,10000.0
2021-12-28,11700.0,10200.0,10000.0
2021-12-29,11750.0,10250.0,10000.0
2021-12-30,11750.0,10250.0,10000.0
2021-12-31,11750.0,10250.0,10000.0
2022-01-03,11750.0,10250.0,10000.0
2022-01-04,11750.0,10300.0,10000.0
2022-01-05,11750.0,10350.0,10200.0
2022-01-06,11750.0,10350.0,10200.0
2022-01-07,11750.0,10400.0,10300.0
2022-01-10,11700.0,10400.0,10300.0
2022-01-11,11750.0,10350.0,10300.0
2022-01-12,11750.0,10350.0,10300.0
2022-01-13,11750.0,10350.0,10300.0
2022-01-14,11750.0,10350.0,10300.0
2022-01-17,11750.0,10350.0,10300.0
2022-01-18,11800.0,10350.0,10300.0
2022-01-19,11800.0,10350.0,10350.0
2022-01-20,11800.0,10400.0,10350.0
2022-01-21,11800.0,10400.0,10350.0
2022-01-24,11800.0,10350.0,10300.0
2022-01-25,11800.0,10400.0,10300.0
2022-01-26,11800.0,10400.0,10300.0
2022-01-27,11800.0,10400.0,10300.0
2022-01-28,11800.0,10400.0,10300.0
2022-01-31,11800.0,10350.0,10250.0
2022-02-01,11000.0,10350.0,10250.0
2022-02-02,11800.0,10350.0,10250.0
2022-02-03,11800.0,10350.0,10250.0
2022-02-04,11800.0,10350.0,10250.0
2022-02-07,11800.0,10400.0,10400.0
2022-02-08,11800.0,10400.0,10400.0
2022-02-09,11800.0,10350.0,10200.0
2022-02-10,11800.0,10350.0,10200.0
2022-02-11,11800.0,10350.0,10200.0
2022-02-14,11800.0,10400.0,10300.0
2022-02-15,11800.0,10400.0,10300.0
2022-02-16,11800.0,10350.0,10250.0
2022-02-17,11800.0,10400.0,10300.0
2022-02-18,11800.0,10400.0,10300.0
2022-02-21,11800.0,10400.0,10300.0
2022-02-22,11800.0,10400.0,10300.0
2022-02-23,11800.0,10400.0,10300.0
2022-02-24,11800.0,10400.0,10300.0
2022-02-25,11800.0,10400.0,10300.0
2022-02-28,11800.0,10400.0,10300.0
2022-03-01,11800.0,10400.0,10300.0
2022-03-02,11800.0,10400.0,10300.0
2022-03-03,11800.0,10400.0,10275.0
2022-03-04,11800.0,10400.0,10250.0
2022-03-07,11800.0,10400.0,10250.0
2022-03-08,11800.0,10400.0,10250.0
2022-03-09,11800.0,10400.0,10250.0
2022-03-10,11800.0,10400.0,10250.0
2022-03-11,11800.0,10400.0,10250.0
2022-03-14,11800.0,10400.0,10250.0
2022-03-15,11800.0,10400.0,10250.0
2022-03-16,11800.0,10400.0,10250.0
2022-03-17,11750.0,10400.0,10250.0
2022-03-18,11800.0,10400.0,10250.0
2022-03-21,11800.0,10400.0,10250.0
2022-03-22,11800.0,10400.0,10250.0
2022-03-23,11800.0,10400.0,10200.0
2022-03-24,11800.0,10400.0,10200.0
2022-03-25,11800.0,10400.0,10200.0
2022-03-28,11800.0,10350.0,10150.0
2022-03-29,11800.0,10350.0,10150.0
2022-03-30,11800.0,10350.0,10150.0
2022-03-31,11800.0,10350.0,10150.0
2022-04-01,11800.0,10350.0,10150.0
2022-04-04,11800.0,10350.0,10150.0
2022-04-05,11800.0,10350.0,10150.0
2022-04-06,11800.0,10350.0,10150.0
2022-04-07,11800.0,10350.0,10150.0
2022-04-08,11800.0,10450.0,10150.0
2022-04-11,11800.0,10350.0,10150.0
2022-04-12,11800.0,10300.0,10150.0
2022-04-13,11800.0,10300.0,10150.0
2022-04-14,11800.0,10300.0,10150.0
2022-04-15,12650.0,10300.0,10150.0
2022-04-18,11850.0,10300.0,10150.0
2022-04-19,11800.0,10300.0,10150.0
2022-04-20,11800.0,10300.0,10150.0
2022-04-21,11800.0,10300.0,10150.0
2022-04-22,11800.0,10300.0,10150.0
2022-04-25,11750.0,10200.0,10150.0
2022-04-26,11750.0,10300.0,10150.0
2022-04-27,11850.0,10300.0,10150.0
2022-04-28,11850.0,10300.0,10150.0
2022-04-29,13600.0,10300.0,10143.0
2022-05-02,13650.0,10300.0,10136.0
2022-05-03,13700.0,10300.0,10129.0
2022-05-04,13750.0,10300.0,10121.0
2022-05-05,12350.0,10300.0,10114.0
2022-05-06,12350.0,10300.0,10107.0
2022-05-09,11750.0,10300.0,10100.0
2022-05-10,11750.0,10300.0,10100.0
2022-05-11,11750.0,10300.0,10100.0
2022-05-12,11750.0,10300.0,10100.0
2022-05-13,11750.0,10250.0,10100.0
2022-05-16,13750.0,10275.0,10100.0
2022-05-17,11750.0,10300.0,10100.0
2022-05-18,11750.0,10300.0,10100.0
2022-05-19,11750.0,10300.0,10100.0
2022-05-20,11750.0,10300.0,10100.0
2022-05-23,11750.0,10300.0,10100.0
2022-05-24,11750.0,10300.0,10100.0
2022-05-25,11750.0,10300.0,10100.0
2022-05-26,11750.0,10300.0,10100.0
2022-05-27,11750.0,10300.0,10100.0
2022-05-30,11750.0,10300.0,10100.0
2022-05-31,11750.0,10300.0,10100.0
2022-06-01,11750.0,10300.0,10100.0
2022-06-02,11750.0,10300.0,10100.0
2022-06-03,11750.0,10300.0,10100.0
2022-06-06,11750.0,10300.0,10100.0
2022-06-07,11750.0,10300.0,10100.0
2022-06-08,11750.0,10250.0,10000.0
2022-06-09,11750.0,10250.0,10000.0
2022-06-10,11750.0,10400.0,10000.0
2022-06-13,11750.0,10250.0,10000.0
2022-06-14,11750.0,10250.0,10000.0
2022-06-15,11750.0,10300.0,10100.0
2022-06-16,11750.0,10300.0,10100.0
2022-06-17,11750.0,10300.0,10100.0
2022-06-20,11750.0,10300.0,10100.0
2022-06-21,11750.0,10300.0,10100.0
2022-06-22,11750.0,10300.0,10100.0
2022-06-23,11750.0,10300.0,10100.0
2022-06-24,11750.0,10300.0,10150.0
2022-06-27,11750.0,10300.0,10150.0
2022-06-28,11800.0,10300.0,10150.0
2022-06-29,11750.0,10300.0,10150.0
2022-06-30,11750.0,10300.0,10150.0
2022-07-01,11750.0,10300.0,10150.0
2022-07-04,11750.0,10300.0,10150.0
2022-07-05,11750.0,10300.0,10150.0
2022-07-06,11750.0,10300.0,10150.0
2022-07-07,11750.0,10300.0,10150.0
2022-07-08,11750.0,10300.0,10150.0
2022-07-11,11750.0,10300.0,10150.0
2022-07-12,11750.0,10300.0,10150.0
2022-07-13,11750.0,10300.0,10150.0
2022-07-14,11750.0,10300.0,10150.0
2022-07-15,11750.0,10300.0,10150.0
2022-07-18,11750.0,10300.0,10150.0
2022-07-19,11750.0,10300.0,10150.0
2022-07-20,11750.0,10300.0,10200.0
2022-07-21,11750.0,10300.0,10200.0
2022-07-22,11750.0,10300.0,10200.0
2022-07-25,11750.0,10350.0,10300.0
2022-07-26,11800.0,10350.0,10300.0
2022-07-27,11750.0,10350.0,10300.0
2022-07-28,11750.0,10350.0,10300.0
2022-07-29,11800.0,10350.0,10250.0
2022-08-01,11800.0,10400.0,10400.0
2022-08-02,11800.0,10550.0,10400.0
2022-08-03,11800.0,10550.0,10350.0
2022-08-04,11800.0,10550.0,10350.0
2022-08-05,11800.0,10450.0,10500.0
2022-08-08,11800.0,10600.0,10850.0
2022-08-09,11800.0,10550.0,10800.0
2022-08-10,11800.0,10600.0,10900.0
2022-08-11,11800.0,10600.0,10900.0
2022-08-12,11850.0,10600.0,10950.0
2022-08-15,11850.0,10650.0,11050.0
2022-08-16,11850.0,10650.0,11050.0
2022-08-17,11750.0,11050.0,11050.0
2022-08-18,11850.0,10650.0,11050.0
2022-08-19,11850.0,10700.0,11200.0
2022-08-22,11850.0,10700.0,11150.0
2022-08-23,11900.0,10750.0,11150.0
2022-08-24,11900.0,10750.0,11150.0
2022-08-25,11900.0,10800.0,11150.0
2022-08-26,11900.0,10800.0,11150.0
2022-08-29,11900.0,10850.0,11150.0
2022-08-30,11900.0,10850.0,11150.0
2022-08-31,11950.0,10850.0,11150.0
2022-09-01,11950.0,10850.0,11150.0
2022-09-02,11950.0,10950.0,11150.0
2022-09-05,11950.0,10950.0,11200.0
2022-09-06,11950.0,10950.0,11200.0
2022-09-07,11950.0,10950.0,11250.0
2022-09-08,11950.0,11000.0,11250.0
2022-09-09,12000.0,11050.0,11250.0
2022-09-12,12000.0,11100.0,11250.0
2022-09-13,12000.0,11100.0,11250.0
2022-09-14,12050.0,11100.0,11250.0
2022-09-15,12050.0,11100.0,11250.0
2022-09-16,12050.0,11100.0,11200.0
2022-09-19,12050.0,11100.0,11200.0
2022-09-20,12050.0,11100.0,11200.0
2022-09-21,12050.0,11050.0,11050.0
2022-09-22,12100.0,11050.0,11050.0
2022-09-23,12100.0,11050.0,11050.0
2022-09-26,12100.0,11050.0,11100.0
2022-09-27,12100.0,11050.0,11100.0
2022-09-28,12100.0,11100.0,11150.0
2022-09-29,12100.0,11100.0,11150.0
2022-09-30,12100.0,11100.0,11150.0
2022-10-03,12150.0,11100.0,11150.0
2022-10-04,12150.0,11100.0,11150.0
2022-10-05,12150.0,11100.0,11200.0
2022-10-06,12150.0,11100.0,11200.0
2022-10-07,12150.0,11050.0,11175.0
2022-10-10,12150.0,11050.0,11150.0
2022-10-11,12150.0,11050.0,11150.0
2022-10-12,12150.0,11050.0,11150.0
2022-10-13,12150.0,11050.0,11150.0
2022-10-14,12150.0,11100.0,11200.0
2022-10-17,12150.0,11050.0,11150.0
2022-10-18,12150.0,11100.0,11150.0
2022-10-19,12150.0,11100.0,11100.0
2022-10-20,12150.0,11100.0,11100.0
2022-10-21,12150.0,11100.0,11150.0
2022-10-24,12200.0,11100.0,11100.0
2022-10-25,12200.0,11100.0,11100.0
2022-10-26,12200.0,11050.0,11050.0
2022-10-27,12200.0,11050.0,11050.0
2022-10-28,12200.0,11050.0,11000.0
2022-10-31,12200.0,11050.0,11000.0
2022-11-01,12200.0,11050.0,11000.0
2022-11-02,12200.0,11000.0,10850.0
2022-11-03,12200.0,11000.0,10850.0
2022-11-04,12200.0,11050.0,10900.0
2022-11-07,12200.0,11050.0,10900.0
2022-11-08,12200.0,11050.0,10900.0
2022-11-09,12200.0,11000.0,10750.0
2022-11-10,12200.0,11000.0,10750.0
2022-11-11,12200.0,10950.0,10700.0
2022-11-14,12200.0,10950.0,10700.0
2022-11-15,12200.0,10950.0,10700.0
2022-11-16,12250.0,11000.0,10800.0
2022-11-17,12250.0,11000.0,10800.0
2022-11-18,12250.0,10950.0,10700.0
2022-11-21,12250.0,11050.0,10700.0
2022-11-22,12250.0,11050.0,10700.0
2022-11-23,12250.0,11000.0,10600.0
2022-11-24,12250.0,11000.0,10600.0
2022-11-25,12300.0,11000.0,10600.0
2022-11-28,12300.0,11000.0,10600.0
2022-11-29,12300.0,11000.0,10600.0
2022-11-30,12300.0,11100.0,10800.0
2022-12-01,12300.0,11000.0,10600.0
2022-12-02,12350.0,11000.0,10600.0
2022-12-05,12400.0,11050.0,10700.0
2022-12-06,12400.0,11050.0,10700.0
2022-12-07,12450.0,11150.0,11000.0
2022-12-08,12450.0,11150.0,11000.0
2022-12-09,12450.0,11100.0,10900.0
2022-12-12,12500.0,11150.0,11000.0
2022-12-13,12500.0,11150.0,11000.0
2022-12-14,12550.0,11200.0,11150.0
2022-12-15,12550.0,11200.0,11150.0
2022-12-16,12550.0,11200.0,11150.0
2022-12-19,12550.0,11200.0,11200.0
2022-12-20,12550.0,11200.0,11200.0
2022-12-21,12550.0,11200.0,11200.0
2022-12-22,12550.0,11200.0,11200.0
2022-12-23,12600.0,11300.0,11450.0
2022-12-26,12600.0,11300.0,11450.0
2022-12-27,12600.0,11300.0,11400.0
2022-12-28,12600.0,11300.0,11400.0
2022-12-29,12600.0,11300.0,11400.0
2022-12-30,12600.0,11300.0,11400.0
2023-01-02,12650.0,11400.0,11500.0
2023-01-03,12650.0,11450.0,11600.0
2023-01-04,12650.0,11450.0,11600.0
2023-01-05,12650.0,11450.0,11600.0
2023-01-06,12700.0,11450.0,11600.0
2023-01-09,12700.0,11500.0,11650.0
2023-01-10,12700.0,11600.0,11650.0
2023-01-11,12750.0,11600.0,11650.0
2023-01-12,12750.0,11600.0,11650.0
2023-01-13,12750.0,11600.0,11650.0
2023-01-16,12750.0,11600.0,11650.0
2023-01-17,12800.0,11600.0,11650.0
2023-01-18,12800.0,11600.0,11650.0
2023-01-19,12800.0,11600.0,11650.0
2023-01-20,12800.0,11600.0,11650.0
2023-01-23,12850.0,11600.0,11750.0
2023-01-24,12850.0,11700.0,11750.0
2023-01-25,12850.0,11800.0,12100.0
2023-01-26,12850.0,11800.0,12100.0
2023-01-27,12850.0,11800.0,12100.0
2023-01-30,12900.0,11850.0,12100.0
2023-01-31,12900.0,11850.0,12100.0
2023-02-01,12900.0,11850.0,12100.0
2023-02-02,12950.0,12050.0,12100.0
2023-02-03,12950.0,12050.0,12100.0
2023-02-06,13000.0,12050.0,12100.0
2023-02-07,13000.0,12050.0,12100.0
2023-02-08,13050.0,12050.0,12100.0
2023-02-09,13050.0,12100.0,12150.0
2023-02-10,13050.0,12100.0,12150.0
2023-02-13,13100.0,12100.0,12150.0
2023-02-14,13100.0,12100.0,12150.0
2023-02-15,13100.0,12100.0,12150.0
2023-02-16,13100.0,12100.0,12150.0
2023-02-17,13150.0,12100.0,12150.0
2023-02-20,13200.0,12000.0,11950.0
2023-02-21,13200.0,12000.0,11950.0
2023-02-22,13200.0,12000.0,11950.0
2023-02-23,13200.0,12000.0,11950.0
2023-02-24,13250.0,11950.0,11750.0
2023-02-27,13200.0,11950.0,11800.0
2023-02-28,13200.0,11950.0,11800.0
2023-03-01,13200.0,11900.0,11550.0
2023-03-02,13200.0,11900.0,11550.0
2023-03-03,13200.0,11900.0,11650.0
2023-03-06,13200.0,11800.0,11400.0
2023-03-07,13200.0,11750.0,11400.0
2023-03-08,13250.0,11750.0,11350.0
2023-03-09,13250.0,11750.0,11350.0
2023-03-10,13250.0,11750.0,11350.0
2023-03-13,13250.0,11750.0,11350.0
2023-03-14,13300.0,11750.0,11350.0
2023-03-15,13300.0,11750.0,11350.0
2023-03-16,13300.0,11650.0,11350.0
2023-03-17,13300.0,11650.0,11350.0
2023-03-20,13350.0,11750.0,11550.0
2023-03-21,13350.0,11750.0,11550.0
2023-03-22,13200.0,11750.0,11567.0
2023-03-23,13250.0,11750.0,11583.0
2023-03-24,13350.0,11750.0,11600.0
2023-03-27,13400.0,11750.0,11600.0
2023-03-28,13400.0,11750.0,11600.0
2023-03-29,13400.0,11750.0,11600.0
2023-03-30,13400.0,11750.0,11600.0
2023-03-31,13400.0,11750.0,11650.0
2023-04-03,13400.0,11750.0,11650.0
2023-04-04,13400.0,11750.0,11650.0
2023-04-05,13400.0,11750.0,11550.0
2023-04-06,13400.0,11750.0,11550.0
2023-04-07,13250.0,11550.0,11550.0
2023-04-10,13400.0,11750.0,11550.0
2023-04-11,13400.0,11750.0,11550.0
2023-04-12,13450.0,11750.0,11550.0
2023-04-13,13400.0,11750.0,11550.0
2023-04-14,13400.0,11750.0,11550.0
2023-04-17,13400.0,11750.0,11550.0
2023-04-18,13400.0,11750.0,11550.0
2023-04-19,13400.0,11750.0,11550.0
2023-04-20,13400.0,11750.0,11550.0
2023-04-21,13400.0,11750.0,11550.0
2023-04-24,13400.0,11750.0,11550.0
2023-04-25,13400.0,11750.0,11550.0
2023-04-26,13400.0,11750.0,11550.0
2023-04-27,13400.0,11750.0,11550.0
2023-04-28,13400.0,11800.0,11650.0
2023-05-01,12800.0,11800.0,11650.0
2023-05-02,13400.0,11800.0,11650.0
2023-05-03,13400.0,11700.0,11400.0
2023-05-04,13400.0,11700.0,11400.0
2023-05-05,13400.0,11700.0,11400.0
2023-05-08,13400.0,11700.0,11400.0
2023-05-09,13400.0,11700.0,11400.0
2023-05-10,13400.0,11700.0,11400.0
2023-05-11,13450.0,11700.0,11400.0
2023-05-12,13450.0,11700.0,11400.0
2023-05-15,13450.0,11750.0,11400.0
2023-05-16,13450.0,11750.0,11400.0
2023-05-17,13450.0,11750.0,11400.0
2023-05-18,13450.0,11750.0,11400.0
2023-05-19,13450.0,11750.0,11400.0
2023-05-22,13450.0,11750.0,11400.0
2023-05-23,13450.0,11750.0,11400.0
2023-05-24,13450.0,11750.0,11400.0
2023-05-25,13500.0,11750.0,11400.0
2023-05-26,13500.0,11750.0,11400.0
2023-05-29,13500.0,11700.0,11450.0
2023-05-30,13500.0,11700.0,11400.0
2023-05-31,13500.0,11700.0,11400.0
2023-06-01,13550.0,11700.0,11400.0
2023-06-02,13500.0,11700.0,11400.0
2023-06-05,13500.0,11700.0,11300.0
2023-06-06,13500.0,11700.0,11300.0
2023-06-07,13500.0,11700.0,11350.0
2023-06-08,13500.0,11700.0,11350.0
2023-06-09,13500.0,11700.0,11350.0
2023-06-12,13500.0,11650.0,11350.0
2023-06-13,13500.0,11650.0,11350.0
2023-06-14,13500.0,11650.0,11300.0
2023-06-15,13500.0,11650.0,11300.0
2023-06-16,13500.0,11650.0,11250.0
2023-06-19,13550.0,11650.0,11250.0
2023-06-20,13550.0,11650.0,11250.0
2023-06-21,13550.0,11700.0,11450.0
2023-06-22,13550.0,11700.0,11450.0
2023-06-23,13550.0,11700.0,11450.0
2023-06-26,13550.0,11750.0,11450.0
2023-06-27,13550.0,11750.0,11450.0
2023-06-28,13550.0,11750.0,11450.0
2023-06-29,13600.0,11750.0,11450.0
2023-06-30,13650.0,11750.0,11450.0
2023-07-03,13550.0,11750.0,11550.0
2023-07-04,13550.0,11750.0,11550.0
2023-07-05,13550.0,11750.0,11500.0
2023-07-06,13550.0,11750.0,11500.0
2023-07-07,13550.0,11750.0,11500.0
2023-07-10,13550.0,11850.0,11750.0
2023-07-11,13550.0,11850.0,11750.0
2023-07-12,13550.0,11850.0,11800.0
2023-07-13,13550.0,11900.0,11800.0
2023-07-14,13550.0,11900.0,11800.0
2023-07-17,13550.0,11900.0,11800.0
2023-07-18,13550.0,11950.0,11800.0
2023-07-19,13450.0,11950.0,11800.0
2023-07-20,13550.0,12000.0,12000.0
2023-07-21,13550.0,12000.0,12000.0
2023-07-24,13550.0,12050.0,12050.0
2023-07-25,13550.0,12050.0,12050.0
2023-07-26,13550.0,12050.0,12050.0
2023-07-27,13550.0,12050.0,12050.0
2023-07-28,13550.0,12100.0,12150.0
2023-07-31,13550.0,12100.0,12150.0
2023-08-01,13550.0,12100.0,12150.0
2023-08-02,13550.0,12150.0,12200.0
2023-08-03,13550.0,12150.0,12200.0
2023-08-04,13550.0,12150.0,12200.0
2023-08-07,13550.0,12150.0,12250.0
2023-08-08,13550.0,12200.0,12250.0
2023-08-09,13550.0,12200.0,12250.0
2023-08-10,13550.0,12300.0,12350.0
2023-08-11,13550.0,12300.0,12350.0
2023-08-14,13600.0,12250.0,12250.0
2023-08-15,13600.0,12300.0,12450.0
2023-08-16,13600.0,12350.0,12450.0
2023-08-17,13650.0,12350.0,12450.0
2023-08-18,13600.0,12350.0,12450.0
2023-08-21,13600.0,12350.0,12450.0
2023-08-22,13650.0,12350.0,12450.0
2023-08-23,13650.0,12350.0,12450.0
2023-08-24,13700.0,12450.0,12450.0
2023-08-25,13700.0,12450.0,12450.0
2023-08-28,13750.0,12450.0,12450.0
2023-08-29,13750.0,12500.0,12450.0
2023-08-30,13800.0,12500.0,12450.0
2023-08-31,13800.0,12550.0,12450.0
2023-09-01,13800.0,12550.0,12450.0
2023-09-04,13900.0,12600.0,12650.0
2023-09-05,13950.0,12700.0,12650.0
2023-09-06,13950.0,12900.0,12950.0
2023-09-07,14000.0,12900.0,12950.0
2023-09-08,14000.0,12900.0,12950.0
2023-09-11,14050.0,13000.0,13150.0
2023-09-12,14100.0,13150.0,13150.0
2023-09-13,14100.0,13250.0,13200.0
2023-09-14,14150.0,13250.0,13200.0
2023-09-15,14200.0,13250.0,13200.0
2023-09-18,14200.0,13400.0,13350.0
2023-09-19,14250.0,13500.0,13350.0
2023-09-20,14250.0,13500.0,13350.0
2023-09-21,14250.0,13550.0,13350.0
2023-09-22,14300.0,13550.0,13350.0
2023-09-25,14350.0,13600.0,13350.0
2023-09-26,14350.0,13600.0,13350.0
2023-09-27,14350.0,13600.0,13350.0
2023-09-28,14400.0,13600.0,13350.0
2023-09-29,14400.0,13600.0,13350.0
2023-10-02,14400.0,13650.0,13400.0
2023-10-03,14450.0,13650.0,13400.0
2023-10-04,14450.0,13650.0,13350.0
2023-10-05,14500.0,13650.0,13350.0
2023-10-06,14500.0,13650.0,13350.0
2023-10-09,14550.0,13650.0,13400.0
2023-10-10,14550.0,13650.0,13400.0
2023-10-11,14550.0,13650.0,13400.0
2023-10-12,14550.0,13650.0,13400.0
2023-10-13,14550.0,13650.0,13400.0
2023-10-16,14600.0,13650.0,13400.0
2023-10-17,14600.0,13650.0,13400.0
2023-10-18,14600.0,13650.0,13350.0
2023-10-19,14650.0,13650.0,13350.0
2023-10-20,14650.0,13650.0,13350.0
2023-10-23,14650.0,13600.0,13300.0
2023-10-24,14650.0,13600.0,13300.0
2023-10-25,14650.0,13600.0,13300.0
2023-10-26,14650.0,13600.0,13300.0
2023-10-27,14650.0,13600.0,13300.0
2023-10-30,14650.0,13650.0,13250.0
2023-10-31,14650.0,13650.0,13250.0
2023-11-01,14650.0,13650.0,13250.0
2023-11-02,14650.0,13650.0,13250.0
2023-11-03,14650.0,13600.0,13200.0
2023-11-06,14650.0,13600.0,13200.0
2023-11-07,14650.0,13600.0,13200.0
2023-11-08,14650.0,13600.0,13150.0
2023-11-09,14650.0,13600.0,13150.0
2023-11-10,14650.0,13600.0,13150.0
2023-11-13,14650.0,13600.0,13200.0
2023-11-14,14650.0,13600.0,13200.0
2023-11-15,14650.0,13600.0,13200.0
2023-11-16,14650.0,13600.0,13200.0
2023-11-17,14650.0,13650.0,13250.0
2023-11-20,14650.0,13650.0,13250.0
2023-11-21,14650.0,13650.0,13250.0
2023-11-22,14650.0,13700.0,13450.0
2023-11-23,14650.0,13700.0,13450.0
2023-11-24,14650.0,13700.0,13450.0
2023-11-27,14650.0,13700.0,13450.0
2023-11-28,14600.0,13700.0,13450.0
2023-11-29,14700.0,13700.0,13450.0
2023-11-30,14650.0,13700.0,13450.0
2023-12-01,14650.0,13700.0,13450.0
2023-12-04,14700.0,13700.0,13450.0
2023-12-05,14700.0,13700.0,13450.0
2023-12-06,14700.0,13700.0,13450.0
2023-12-07,14650.0,13700.0,13450.0
2023-12-08,14700.0,13700.0,13450.0
2023-12-11,14700.0,13700.0,13450.0
2023-12-12,14700.0,13700.0,13450.0
2023-12-13,14650.0,13750.0,13450.0
2023-12-14,14700.0,13750.0,13450.0
2023-12-15,14700.0,13750.0,13450.0
2023-12-18,14650.0,13750.0,13450.0
2023-12-19,14700.0,13750.0,13450.0
2023-12-20,14700.0,13750.0,13450.0
2023-12-21,14650.0,13750.0,13450.0
2023-12-22,14650.0,13750.0,13450.0
2023-12-25,13750.0,13775.0,13450.0
2023-12-26,13750.0,13800.0,13450.0
2023-12-27,14700.0,13750.0,13450.0
2023-12-28,14700.0,13750.0,13450.0
2023-12-29,14650.0,13750.0,13450.0
2024-01-01,14550.0,13750.0,13450.0
2024-01-02,14700.0,13700.0,13450.0
2024-01-03,14700.0,13800.0,13500.0
2024-01-04,14750.0,13800.0,13500.0
2024-01-05,14750.0,13800.0,13500.0
2024-01-08,14750.0,13750.0,13450.0
2024-01-09,14750.0,13800.0,13450.0
2024-01-10,14800.0,13800.0,13450.0
2024-01-11,14750.0,13800.0,13450.0
2024-01-12,14750.0,13800.0,13450.0
2024-01-15,14800.0,13800.0,13450.0
2024-01-16,14800.0,13800.0,13450.0
2024-01-17,14800.0,13800.0,13450.0
2024-01-18,14800.0,13800.0,13450.0
2024-01-19,14800.0,13800.0,13450.0
2024-01-22,14850.0,13800.0,13500.0
2024-01-23,14850.0,13800.0,13500.0
2024-01-24,14850.0,13800.0,13500.0
2024-01-25,14850.0,13800.0,13500.0
2024-01-26,14850.0,13800.0,13450.0
2024-01-29,14900.0,13800.0,13500.0
2024-01-30,14950.0,13850.0,13500.0
2024-01-31,14950.0,13850.0,13500.0
2024-02-01,14950.0,13850.0,13500.0
2024-02-02,15000.0,13850.0,13500.0
2024-02-05,15150.0,13850.0,13500.0
2024-02-06,15150.0,13850.0,13500.0
2024-02-07,15150.0,13850.0,13500.0
2024-02-08,15150.0,13850.0,13500.0
2024-02-09,15150.0,13850.0,13500.0
2024-02-12,15250.0,13800.0,13450.0
2024-02-13,15300.0,13800.0,13450.0
2024-02-14,15250.0,13800.0,13450.0
2024-02-15,15350.0,13800.0,13450.0
2024-02-16,15400.0,13800.0,13450.0
2024-02-19,15450.0,13850.0,13500.0
2024-02-20,15550.0,13850.0,13500.0
2024-02-21,15550.0,13850.0,13500.0
2024-02-22,15600.0,13850.0,13500.0
2024-02-23,15650.0,13850.0,13450.0
2024-02-26,15750.0,13850.0,13450.0
2024-02-27,15800.0,13850.0,13450.0
2024-02-28,15850.0,13850.0,13450.0
2024-02-29,15850.0,13850.0,13450.0
2024-03-01,15900.0,13850.0,13450.0
2024-03-04,15950.0,13800.0,13400.0
2024-03-05,15950.0,13800.0,13400.0
2024-03-06,15950.0,13850.0,13450.0
2024-03-07,15950.0,13850.0,13450.0
2024-03-08,15950.0,13850.0,13450.0
2024-03-11,15950.0,13850.0,13450.0
2024-03-12,15950.0,13850.0,13450.0
2024-03-13,16000.0,13800.0,13400.0
2024-03-14,16000.0,13800.0,13400.0
2024-03-15,16000.0,13800.0,13400.0
2024-03-18,16000.0,13800.0,13400.0
2024-03-19,16000.0,13800.0,13400.0
2024-03-20,16000.0,13800.0,13400.0
2024-03-21,15950.0,13800.0,13450.0
2024-03-22,15950.0,13800.0,13450.0
2024-03-25,15950.0,13800.0,13450.0
2024-03-26,15900.0,13800.0,13450.0
2024-03-27,15900.0,13800.0,13450.0
2024-03-28,15900.0,13800.0,13400.0
2024-03-29,15900.0,13800.0,13400.0
2024-04-01,15850.0,13800.0,13400.0
2024-04-02,15850.0,13800.0,13400.0
2024-04-03,15800.0,13750.0,13300.0
2024-04-04,15800.0,13800.0,13400.0
2024-04-05,15800.0,13800.0,13400.0
2024-04-08,15800.0,13800.0,13400.0
2024-04-09,15800.0,13800.0,13400.0
2024-04-10,15800.0,13800.0,13400.0
2024-04-11,15800.0,13800.0,13400.0
2024-04-12,15800.0,13800.0,13400.0
2024-04-15,15800.0,13800.0,13400.0
2024-04-16,15700.0,13800.0,13400.0
2024-04-17,15700.0,13800.0,13400.0
2024-04-18,15700.0,13700.0,13400.0
2024-04-19,15650.0,13800.0,13350.0
2024-04-22,15600.0,14000.0,13350.0
2024-04-23,15600.0,13800.0,13350.0
2024-04-24,15550.0,13800.0,13400.0
2024-04-25,15500.0,13800.0,13400.0
2024-04-26,15500.0,13800.0,13350.0
2024-04-29,15500.0,13800.0,13350.0
2024-04-30,15500.0,13800.0,13350.0
2024-05-01,15400.0,14000.0,13350.0
2024-05-02,15450.0,13800.0,13350.0
2024-05-03,15450.0,14000.0,13350.0
2024-05-06,15450.0,13800.0,13350.0
2024-05-07,15450.0,13800.0,13350.0
2024-05-08,15450.0,14000.0,13350.0
2024-05-09,15450.0,13800.0,13350.0
2024-05-10,15450.0,13800.0,13350.0
2024-05-13,15450.0,13800.0,13400.0
2024-05-14,15450.0,13800.0,13400.0
2024-05-15,15450.0,13800.0,13350.0
2024-05-16,15400.0,13800.0,13350.0
2024-05-17,15400.0,13800.0,13350.0
2024-05-20,15400.0,13800.0,13350.0
2024-05-21,15400.0,13750.0,13350.0
2024-05-22,15400.0,13750.0,13350.0
2024-05-23,15400.0,14000.0,13350.0
2024-05-24,15400.0,14000.0,13350.0
2024-05-27,15350.0,13750.0,13350.0
2024-05-28,15350.0,13800.0,13350.0
2024-05-29,15350.0,13950.0,13350.0
2024-05-30,15350.0,13750.0,13350.0
2024-05-31,15350.0,13750.0,13350.0
2024-06-03,15350.0,13950.0,13350.0
2024-06-04,15350.0,13750.0,13350.0
2024-06-05,15400.0,13700.0,13250.0
2024-06-06,15350.0,13700.0,13250.0
2024-06-07,15350.0,13700.0,13200.0
2024-06-10,15350.0,13700.0,13200.0
2024-06-11,15350.0,13700.0,13200.0
2024-06-12,15350.0,13700.0,13250.0
2024-06-13,15250.0,13700.0,13250.0
2024-06-14,15350.0,13700.0,13250.0
2024-06-17,15350.0,13700.0,13250.0
2024-06-18,15350.0,13700.0,13250.0
2024-06-19,15350.0,13750.0,13300.0
2024-06-20,15350.0,13750.0,13300.0
2024-06-21,15300.0,13750.0,13300.0
2024-06-24,15250.0,13750.0,13350.0
2024-06-25,15300.0,13750.0,13350.0
2024-06-26,15350.0,13750.0,13350.0
2024-06-27,15300.0,13750.0,13350.0
2024-06-28,15350.0,13750.0,13350.0
2024-07-01,15350.0,13800.0,13500.0
2024-07-02,15350.0,13850.0,13500.0
2024-07-03,15350.0,13900.0,13500.0
2024-07-04,15350.0,13900.0,13500.0
2024-07-05,15350.0,13900.0,13500.0
2024-07-08,15350.0,13900.0,13500.0
2024-07-09,15300.0,13900.0,13500.0
2024-07-10,15350.0,13900.0,13500.0
2024-07-11,15350.0,13900.0,13500.0
2024-07-12,15350.0,13900.0,13500.0
2024-07-15,15350.0,13900.0,13500.0
2024-07-16,15350.0,13900.0,13500.0
2024-07-17,15350.0,13900.0,13500.0
2024-07-18,15300.0,13900.0,13500.0
2024-07-19,15350.0,13900.0,13500.0
2024-07-22,15350.0,13900.0,13500.0
2024-07-23,15300.0,13900.0,13500.0
2024-07-24,15300.0,13900.0,13500.0
2024-07-25,15350.0,13900.0,13500.0
2024-07-26,15350.0,13900.0,13500.0
2024-07-29,15350.0,13900.0,13500.0
2024-07-30,15350.0,13900.0,13500.0
2024-07-31,15350.0,13900.0,13500.0
2024-08-01,15400.0,13900.0,13500.0
2024-08-02,15350.0,13900.0,13500.0
2024-08-05,15300.0,13900.0,13550.0
2024-08-06,15350.0,13900.0,13550.0
2024-08-07,15350.0,13900.0,13550.0
2024-08-08,15350.0,13900.0,13550.0
2024-08-09,15300.0,13900.0,13550.0
2024-08-12,15350.0,13900.0,13550.0
2024-08-13,15300.0,13900.0,13550.0
2024-08-14,15300.0,13900.0,13550.0
2024-08-15,15300.0,14100.0,13550.0
2024-08-16,15350.0,13900.0,13550.0
2024-08-19,15300.0,13900.0,13550.0
2024-08-20,15350.0,13900.0,13550.0
2024-08-21,15250.0,13900.0,13500.0
2024-08-22,15350.0,13900.0,13500.0
2024-08-23,15350.0,13900.0,13550.0
2024-08-26,15350.0,13900.0,13450.0
2024-08-27,15350.0,13900.0,13450.0
2024-08-28,15250.0,13900.0,13450.0
2024-08-29,15300.0,13900.0,13450.0
2024-08-30,15350.0,14100.0,13450.0

[
